subject_id,warp_candidate,label_name,side,volume_mm3,connected_components,compactness,midline_distance_mm,LR_volume_ratio,in_problem_labels,best_candidate
IXI002-Guys-0828,W1,AD,left,8.0,1,0.9539,1.25,1.3333,False,W1
IXI002-Guys-0828,W1,AD,right,6.0,1,1.0764,3.17,,False,W1
IXI002-Guys-0828,W1,AM,left,37.0,1,0.8168,2.54,1.2759,False,W1
IXI002-Guys-0828,W1,AM,right,29.0,1,0.7799,3.1,,False,W1
IXI002-Guys-0828,W1,AV,left,196.0,1,0.7177,3.74,1.0426,False,W1
IXI002-Guys-0828,W1,AV,right,188.0,1,0.6503,5.01,,False,W1
IXI002-Guys-0828,W1,CL,left,610.0,2,0.3883,6.2,0.9935,True,W2
IXI002-Guys-0828,W1,CL,right,614.0,4,0.3946,7.34,,True,W2
IXI002-Guys-0828,W1,CM,left,247.0,1,0.7765,8.94,1.1542,False,W1
IXI002-Guys-0828,W1,CM,right,214.0,1,0.8003,8.88,,False,W1
IXI002-Guys-0828,W1,CeM,left,103.0,3,0.6305,3.36,0.811,True,W1
IXI002-Guys-0828,W1,CeM,right,127.0,2,0.6394,3.6,,True,W1
IXI002-Guys-0828,W1,Hb,left,27.0,1,0.8711,3.0,0.7297,False,W1
IXI002-Guys-0828,W1,Hb,right,37.0,1,0.8663,3.35,,False,W1
IXI002-Guys-0828,W1,LD,left,122.0,5,0.5372,6.39,1.0339,True,W1
IXI002-Guys-0828,W1,LD,right,118.0,4,0.5629,8.13,,True,W1
IXI002-Guys-0828,W1,LGNmc,left,69.0,2,0.5334,24.86,1.0615,True,W3
IXI002-Guys-0828,W1,LGNmc,right,65.0,4,0.5087,23.49,,True,W3
IXI002-Guys-0828,W1,LGNpc,left,155.0,1,0.6672,24.68,1.0544,False,W1
IXI002-Guys-0828,W1,LGNpc,right,147.0,3,0.705,23.68,,True,W1
IXI002-Guys-0828,W1,LP,left,360.0,2,0.666,14.61,0.6897,True,W1
IXI002-Guys-0828,W1,LP,right,522.0,1,0.6896,15.61,,False,W1
IXI002-Guys-0828,W1,Li,left,62.0,2,0.7139,7.71,1.1071,True,W1
IXI002-Guys-0828,W1,Li,right,56.0,1,0.7057,7.71,,False,W1
IXI002-Guys-0828,W1,MAX_VOLUME,left,7623.0,2,0.593,11.1,0.9872,True,W1
IXI002-Guys-0828,W1,MAX_VOLUME,right,7722.0,5,0.5901,11.48,,True,W1
IXI002-Guys-0828,W1,MDmc,left,148.0,1,0.7383,1.49,1.0803,False,W1
IXI002-Guys-0828,W1,MDmc,right,137.0,1,0.7227,2.06,,False,W1
IXI002-Guys-0828,W1,MDpc,left,750.0,1,0.7332,4.68,1.0163,False,W1
IXI002-Guys-0828,W1,MDpc,right,738.0,1,0.729,5.4,,False,W1
IXI002-Guys-0828,W1,MGN,left,162.0,1,0.7493,16.92,1.1172,False,W1
IXI002-Guys-0828,W1,MGN,right,145.0,1,0.7279,16.36,,False,W1
IXI002-Guys-0828,W1,MV,left,10.0,3,0.8313,2.4,1.0,True,W1
IXI002-Guys-0828,W1,MV,right,10.0,2,0.8583,2.3,,True,W1
IXI002-Guys-0828,W1,Pf,left,141.0,1,0.6504,5.43,1.0682,False,W2
IXI002-Guys-0828,W1,Pf,right,132.0,2,0.6539,5.19,,True,W2
IXI002-Guys-0828,W1,Po,left,52.0,1,0.7583,13.88,0.8814,False,W1
IXI002-Guys-0828,W1,Po,right,59.0,2,0.7628,13.41,,True,W1
IXI002-Guys-0828,W1,PuA,left,126.0,2,0.6711,12.86,1.0244,True,W1
IXI002-Guys-0828,W1,PuA,right,123.0,1,0.6802,13.21,,False,W1
IXI002-Guys-0828,W1,PuI,left,49.0,1,0.7545,22.98,0.9245,False,W1
IXI002-Guys-0828,W1,PuI,right,53.0,1,0.7808,21.66,,False,W1
IXI002-Guys-0828,W1,PuL,left,301.0,1,0.767,22.64,1.0101,False,W1
IXI002-Guys-0828,W1,PuL,right,298.0,1,0.7485,22.32,,False,W1
IXI002-Guys-0828,W1,PuM,left,1324.0,1,0.7098,13.6,0.9925,False,W3
IXI002-Guys-0828,W1,PuM,right,1334.0,3,0.7055,13.73,,True,W3
IXI002-Guys-0828,W1,Pv,left,6.0,2,0.969,0.83,6.0,True,W1
IXI002-Guys-0828,W1,Pv,right,1.0,1,0.0,1.0,,False,W1
IXI002-Guys-0828,W1,RN,left,276.0,1,0.8424,6.72,0.899,False,W1
IXI002-Guys-0828,W1,RN,right,307.0,1,0.8622,5.47,,False,W1
IXI002-Guys-0828,W1,SG,left,47.0,1,0.755,12.94,1.093,False,W1
IXI002-Guys-0828,W1,SG,right,43.0,1,0.866,12.51,,False,W1
IXI002-Guys-0828,W1,STh,left,198.0,1,0.7405,11.75,1.0154,False,W1
IXI002-Guys-0828,W1,STh,right,195.0,1,0.7146,11.4,,False,W1
IXI002-Guys-0828,W1,VAmc,left,64.0,1,0.5886,6.16,1.0667,False,W1
IXI002-Guys-0828,W1,VAmc,right,60.0,1,0.5769,6.48,,False,W1
IXI002-Guys-0828,W1,VApc,left,414.0,1,0.6275,8.55,0.8716,False,W1
IXI002-Guys-0828,W1,VApc,right,475.0,4,0.6372,9.49,,True,W1
IXI002-Guys-0828,W1,VLa,left,237.0,1,0.6808,12.51,0.8745,False,W1
IXI002-Guys-0828,W1,VLa,right,271.0,2,0.6345,13.09,,True,W1
IXI002-Guys-0828,W1,VLpd,left,642.0,1,0.6966,10.7,0.9611,False,W1
IXI002-Guys-0828,W1,VLpd,right,668.0,1,0.6949,12.16,,False,W1
IXI002-Guys-0828,W1,VLpv,left,571.0,1,0.5892,12.02,0.8922,False,W1
IXI002-Guys-0828,W1,VLpv,right,640.0,1,0.5937,12.54,,False,W1
IXI002-Guys-0828,W1,VM,left,132.0,1,0.626,9.38,1.0645,False,W2
IXI002-Guys-0828,W1,VM,right,124.0,2,0.6489,9.15,,True,W2
IXI002-Guys-0828,W1,VPI,left,52.0,1,0.7478,16.31,0.8814,False,W1
IXI002-Guys-0828,W1,VPI,right,59.0,1,0.8009,15.78,,False,W1
IXI002-Guys-0828,W1,VPLa,left,101.0,1,0.6505,16.32,1.0521,False,W1
IXI002-Guys-0828,W1,VPLa,right,96.0,1,0.6148,17.28,,False,W1
IXI002-Guys-0828,W1,VPLp,left,479.0,1,0.613,15.13,1.0413,False,W1
IXI002-Guys-0828,W1,VPLp,right,460.0,1,0.6034,16.01,,False,W1
IXI002-Guys-0828,W1,VPM,left,154.0,1,0.6369,12.05,1.0,False,W1
IXI002-Guys-0828,W1,VPM,right,154.0,1,0.6455,11.51,,False,W1
IXI002-Guys-0828,W1,global,left,7623.0,2,0.593,11.1,0.9876,True,W1
IXI002-Guys-0828,W1,global,right,7719.0,5,0.5901,11.48,,True,W1
IXI002-Guys-0828,W1,mtt,left,40.0,2,0.5926,5.35,0.8889,True,W1
IXI002-Guys-0828,W1,mtt,right,45.0,6,0.5684,5.07,,True,W1
IXI002-Guys-0828,W1,sPf,left,12.0,2,0.8762,6.58,2.4,True,W1
IXI002-Guys-0828,W1,sPf,right,5.0,1,1.1002,6.0,,False,W1
IXI002-Guys-0828,W1,thalamus_body,left,267.0,42,0.456,12.99,1.1711,True,W1
IXI002-Guys-0828,W1,thalamus_body,right,228.0,38,0.4862,13.52,,True,W1
IXI002-Guys-0828,W2,AD,left,7.0,1,1.0063,1.0,7.0,False,W1
IXI002-Guys-0828,W2,AD,right,1.0,1,0.0,2.0,,False,W1
IXI002-Guys-0828,W2,AM,left,22.0,1,0.7639,2.05,1.0476,False,W1
IXI002-Guys-0828,W2,AM,right,21.0,1,0.8039,2.43,,False,W1
IXI002-Guys-0828,W2,AV,left,168.0,1,0.643,3.11,1.012,False,W1
IXI002-Guys-0828,W2,AV,right,166.0,2,0.5828,3.57,,True,W1
IXI002-Guys-0828,W2,CL,left,478.0,7,0.3797,5.16,1.201,True,W2
IXI002-Guys-0828,W2,CL,right,398.0,1,0.378,5.4,,False,W2
IXI002-Guys-0828,W2,CM,left,179.0,1,0.7651,7.18,1.0407,False,W1
IXI002-Guys-0828,W2,CM,right,172.0,1,0.7766,6.84,,False,W1
IXI002-Guys-0828,W2,CeM,left,85.0,2,0.5639,2.46,1.3077,True,W1
IXI002-Guys-0828,W2,CeM,right,65.0,3,0.6027,2.34,,True,W1
IXI002-Guys-0828,W2,Hb,left,28.0,1,0.8427,2.57,1.12,False,W1
IXI002-Guys-0828,W2,Hb,right,25.0,1,0.7632,2.84,,False,W1
IXI002-Guys-0828,W2,LD,left,93.0,5,0.4977,5.52,1.2078,True,W1
IXI002-Guys-0828,W2,LD,right,77.0,7,0.4655,6.49,,True,W1
IXI002-Guys-0828,W2,LGNmc,left,67.0,2,0.4853,24.43,1.0308,True,W3
IXI002-Guys-0828,W2,LGNmc,right,65.0,3,0.4889,22.78,,True,W3
IXI002-Guys-0828,W2,LGNpc,left,158.0,2,0.6518,23.93,1.0064,True,W1
IXI002-Guys-0828,W2,LGNpc,right,157.0,2,0.6778,22.71,,True,W1
IXI002-Guys-0828,W2,LP,left,336.0,3,0.6605,13.44,0.7044,True,W1
IXI002-Guys-0828,W2,LP,right,477.0,2,0.6613,13.96,,True,W1
IXI002-Guys-0828,W2,Li,left,37.0,2,0.6914,7.43,0.925,True,W1
IXI002-Guys-0828,W2,Li,right,40.0,1,0.7133,6.75,,False,W1
IXI002-Guys-0828,W2,MAX_VOLUME,left,7131.0,5,0.5539,10.15,1.0219,True,W1
IXI002-Guys-0828,W2,MAX_VOLUME,right,6978.0,5,0.5477,10.23,,True,W1
IXI002-Guys-0828,W2,MDmc,left,95.0,2,0.6282,1.16,1.2025,True,W1
IXI002-Guys-0828,W2,MDmc,right,79.0,2,0.5881,1.22,,True,W1
IXI002-Guys-0828,W2,MDpc,left,519.0,1,0.671,3.44,1.0745,False,W1
IXI002-Guys-0828,W2,MDpc,right,483.0,1,0.6654,3.62,,False,W1
IXI002-Guys-0828,W2,MGN,left,149.0,1,0.7571,15.62,1.0719,False,W1
IXI002-Guys-0828,W2,MGN,right,139.0,1,0.7728,14.74,,False,W1
IXI002-Guys-0828,W2,MV,left,10.0,3,0.8114,1.9,2.5,True,W1
IXI002-Guys-0828,W2,MV,right,4.0,3,1.249,2.0,,True,W1
IXI002-Guys-0828,W2,Pf,left,108.0,1,0.6502,4.48,1.102,False,W2
IXI002-Guys-0828,W2,Pf,right,98.0,1,0.675,4.02,,False,W2
IXI002-Guys-0828,W2,Po,left,41.0,2,0.7444,12.24,0.8542,True,W1
IXI002-Guys-0828,W2,Po,right,48.0,2,0.7587,11.79,,True,W1
IXI002-Guys-0828,W2,PuA,left,107.0,1,0.6942,10.85,0.9907,False,W1
IXI002-Guys-0828,W2,PuA,right,108.0,2,0.6712,11.02,,True,W1
IXI002-Guys-0828,W2,PuI,left,50.0,3,0.7538,21.68,0.8475,True,W1
IXI002-Guys-0828,W2,PuI,right,59.0,1,0.7688,20.98,,False,W1
IXI002-Guys-0828,W2,PuL,left,340.0,1,0.7631,21.31,0.9019,False,W1
IXI002-Guys-0828,W2,PuL,right,377.0,1,0.755,20.9,,False,W1
IXI002-Guys-0828,W2,PuM,left,1073.0,2,0.6725,12.97,0.9597,True,W3
IXI002-Guys-0828,W2,PuM,right,1118.0,2,0.6935,12.88,,True,W3
IXI002-Guys-0828,W2,Pv,left,4.0,2,1.1228,1.0,4.0,True,W1
IXI002-Guys-0828,W2,Pv,right,1.0,1,0.0,1.0,,False,W1
IXI002-Guys-0828,W2,RN,left,367.0,1,0.8203,5.84,1.0309,False,W1
IXI002-Guys-0828,W2,RN,right,356.0,1,0.8107,4.68,,False,W1
IXI002-Guys-0828,W2,SG,left,33.0,2,0.8107,11.61,1.1786,True,W1
IXI002-Guys-0828,W2,SG,right,28.0,1,0.7779,10.89,,False,W1
IXI002-Guys-0828,W2,STh,left,256.0,1,0.7364,10.7,1.0894,False,W1
IXI002-Guys-0828,W2,STh,right,235.0,1,0.7334,9.56,,False,W1
IXI002-Guys-0828,W2,VAmc,left,60.0,1,0.6077,4.47,1.1321,False,W1
IXI002-Guys-0828,W2,VAmc,right,53.0,3,0.6159,4.28,,True,W1
IXI002-Guys-0828,W2,VApc,left,428.0,3,0.5943,6.97,0.9977,True,W1
IXI002-Guys-0828,W2,VApc,right,429.0,4,0.6194,6.76,,True,W1
IXI002-Guys-0828,W2,VLa,left,326.0,2,0.664,10.19,0.979,True,W1
IXI002-Guys-0828,W2,VLa,right,333.0,3,0.6419,9.77,,True,W1
IXI002-Guys-0828,W2,VLpd,left,655.0,2,0.6984,8.85,1.0935,True,W1
IXI002-Guys-0828,W2,VLpd,right,599.0,1,0.6693,9.23,,False,W1
IXI002-Guys-0828,W2,VLpv,left,675.0,1,0.5985,9.91,0.9956,False,W1
IXI002-Guys-0828,W2,VLpv,right,678.0,1,0.6191,9.95,,False,W1
IXI002-Guys-0828,W2,VM,left,144.0,1,0.645,7.4,1.0746,False,W2
IXI002-Guys-0828,W2,VM,right,134.0,1,0.6512,6.78,,False,W2
IXI002-Guys-0828,W2,VPI,left,57.0,1,0.7889,14.39,1.0364,False,W1
IXI002-Guys-0828,W2,VPI,right,55.0,2,0.749,13.76,,True,W1
IXI002-Guys-0828,W2,VPLa,left,113.0,1,0.6484,14.25,0.9576,False,W1
IXI002-Guys-0828,W2,VPLa,right,118.0,1,0.6648,14.14,,False,W1
IXI002-Guys-0828,W2,VPLp,left,493.0,2,0.6165,13.3,1.0557,True,W1
IXI002-Guys-0828,W2,VPLp,right,467.0,1,0.5775,13.52,,False,W1
IXI002-Guys-0828,W2,VPM,left,149.0,1,0.6173,9.89,0.9551,False,W1
IXI002-Guys-0828,W2,VPM,right,156.0,1,0.6136,9.27,,False,W1
IXI002-Guys-0828,W2,global,left,7131.0,5,0.5539,10.15,1.0225,True,W1
IXI002-Guys-0828,W2,global,right,6974.0,5,0.5477,10.23,,True,W1
IXI002-Guys-0828,W2,mtt,left,25.0,4,0.7072,4.08,0.5682,True,W1
IXI002-Guys-0828,W2,mtt,right,44.0,5,0.6092,3.2,,True,W1
IXI002-Guys-0828,W2,sPf,left,8.0,3,0.9695,5.62,1.3333,True,W1
IXI002-Guys-0828,W2,sPf,right,6.0,2,1.1566,4.5,,True,W1
IXI002-Guys-0828,W2,thalamus_body,left,236.0,38,0.4738,12.1,1.0977,True,W1
IXI002-Guys-0828,W2,thalamus_body,right,215.0,37,0.4996,12.15,,True,W1
IXI002-Guys-0828,W3,AD,left,8.0,1,0.9539,1.25,1.3333,False,W1
IXI002-Guys-0828,W3,AD,right,6.0,1,1.0764,3.17,,False,W1
IXI002-Guys-0828,W3,AM,left,37.0,1,0.7969,2.57,1.2333,False,W1
IXI002-Guys-0828,W3,AM,right,30.0,1,0.7783,3.07,,False,W1
IXI002-Guys-0828,W3,AV,left,204.0,1,0.7197,3.72,1.0851,False,W1
IXI002-Guys-0828,W3,AV,right,188.0,1,0.6638,4.97,,False,W1
IXI002-Guys-0828,W3,CL,left,610.0,3,0.3828,6.2,1.0016,True,W2
IXI002-Guys-0828,W3,CL,right,609.0,5,0.3913,7.28,,True,W2
IXI002-Guys-0828,W3,CM,left,249.0,1,0.7709,8.94,1.1422,False,W1
IXI002-Guys-0828,W3,CM,right,218.0,1,0.7977,8.87,,False,W1
IXI002-Guys-0828,W3,CeM,left,105.0,4,0.6346,3.31,0.8203,True,W1
IXI002-Guys-0828,W3,CeM,right,128.0,2,0.6252,3.59,,True,W1
IXI002-Guys-0828,W3,Hb,left,27.0,1,0.8711,3.0,0.675,False,W1
IXI002-Guys-0828,W3,Hb,right,40.0,1,0.8465,3.35,,False,W1
IXI002-Guys-0828,W3,LD,left,124.0,5,0.5381,6.38,1.0783,True,W1
IXI002-Guys-0828,W3,LD,right,115.0,3,0.5663,8.06,,True,W1
IXI002-Guys-0828,W3,LGNmc,left,71.0,1,0.5368,24.89,1.0923,False,W3
IXI002-Guys-0828,W3,LGNmc,right,65.0,4,0.5202,23.38,,True,W3
IXI002-Guys-0828,W3,LGNpc,left,155.0,1,0.674,24.66,1.0,False,W1
IXI002-Guys-0828,W3,LGNpc,right,155.0,2,0.7145,23.52,,True,W1
IXI002-Guys-0828,W3,LP,left,375.0,2,0.6753,14.72,0.7282,True,W1
IXI002-Guys-0828,W3,LP,right,515.0,1,0.6719,15.57,,False,W1
IXI002-Guys-0828,W3,Li,left,62.0,2,0.7139,7.71,1.1273,True,W1
IXI002-Guys-0828,W3,Li,right,55.0,1,0.7185,7.69,,False,W1
IXI002-Guys-0828,W3,MAX_VOLUME,left,7653.0,2,0.5934,11.09,0.9823,True,W1
IXI002-Guys-0828,W3,MAX_VOLUME,right,7791.0,4,0.5878,11.48,,True,W1
IXI002-Guys-0828,W3,MDmc,left,150.0,1,0.7396,1.47,1.0949,False,W1
IXI002-Guys-0828,W3,MDmc,right,137.0,1,0.7172,2.08,,False,W1
IXI002-Guys-0828,W3,MDpc,left,757.0,1,0.7333,4.71,1.0413,False,W1
IXI002-Guys-0828,W3,MDpc,right,727.0,1,0.7293,5.35,,False,W1
IXI002-Guys-0828,W3,MGN,left,163.0,1,0.7516,16.88,1.094,False,W1
IXI002-Guys-0828,W3,MGN,right,149.0,1,0.7434,16.28,,False,W1
IXI002-Guys-0828,W3,MV,left,10.0,3,0.8313,2.4,1.0,True,W1
IXI002-Guys-0828,W3,MV,right,10.0,2,0.8583,2.3,,True,W1
IXI002-Guys-0828,W3,Pf,left,144.0,1,0.6496,5.38,1.0746,False,W2
IXI002-Guys-0828,W3,Pf,right,134.0,2,0.6579,5.19,,True,W2
IXI002-Guys-0828,W3,Po,left,53.0,1,0.7678,13.91,0.8689,False,W1
IXI002-Guys-0828,W3,Po,right,61.0,2,0.7669,13.44,,True,W1
IXI002-Guys-0828,W3,PuA,left,129.0,2,0.6819,12.88,1.032,True,W1
IXI002-Guys-0828,W3,PuA,right,125.0,1,0.6754,13.12,,False,W1
IXI002-Guys-0828,W3,PuI,left,47.0,1,0.7631,22.94,0.8868,False,W1
IXI002-Guys-0828,W3,PuI,right,53.0,1,0.8031,21.45,,False,W1
IXI002-Guys-0828,W3,PuL,left,298.0,1,0.7625,22.67,0.9835,False,W1
IXI002-Guys-0828,W3,PuL,right,303.0,1,0.7468,22.34,,False,W1
IXI002-Guys-0828,W3,PuM,left,1323.0,1,0.7072,13.6,0.9749,False,W3
IXI002-Guys-0828,W3,PuM,right,1357.0,1,0.7003,13.69,,False,W3
IXI002-Guys-0828,W3,Pv,left,6.0,2,0.969,0.83,6.0,True,W1
IXI002-Guys-0828,W3,Pv,right,1.0,1,0.0,1.0,,False,W1
IXI002-Guys-0828,W3,RN,left,274.0,1,0.8399,6.72,0.8896,False,W1
IXI002-Guys-0828,W3,RN,right,308.0,1,0.8639,5.44,,False,W1
IXI002-Guys-0828,W3,SG,left,47.0,1,0.755,12.94,1.0682,False,W1
IXI002-Guys-0828,W3,SG,right,44.0,1,0.8291,12.43,,False,W1
IXI002-Guys-0828,W3,STh,left,199.0,1,0.7322,11.77,0.9803,False,W1
IXI002-Guys-0828,W3,STh,right,203.0,1,0.7374,11.44,,False,W1
IXI002-Guys-0828,W3,VAmc,left,63.0,1,0.5837,6.16,1.0328,False,W1
IXI002-Guys-0828,W3,VAmc,right,61.0,1,0.5718,6.52,,False,W1
IXI002-Guys-0828,W3,VApc,left,418.0,1,0.6316,8.56,0.8763,False,W1
IXI002-Guys-0828,W3,VApc,right,477.0,4,0.6373,9.52,,True,W1
IXI002-Guys-0828,W3,VLa,left,234.0,1,0.6898,12.51,0.8699,False,W1
IXI002-Guys-0828,W3,VLa,right,269.0,2,0.6436,13.05,,True,W1
IXI002-Guys-0828,W3,VLpd,left,652.0,1,0.6999,10.68,0.9731,False,W1
IXI002-Guys-0828,W3,VLpd,right,670.0,1,0.6915,12.1,,False,W1
IXI002-Guys-0828,W3,VLpv,left,569.0,1,0.5889,12.01,0.8863,False,W1
IXI002-Guys-0828,W3,VLpv,right,642.0,1,0.5965,12.47,,False,W1
IXI002-Guys-0828,W3,VM,left,132.0,1,0.6258,9.39,1.056,False,W2
IXI002-Guys-0828,W3,VM,right,125.0,1,0.6336,9.13,,False,W2
IXI002-Guys-0828,W3,VPI,left,51.0,1,0.7615,16.2,0.85,False,W1
IXI002-Guys-0828,W3,VPI,right,60.0,1,0.7895,15.72,,False,W1
IXI002-Guys-0828,W3,VPLa,left,101.0,1,0.6505,16.32,1.0412,False,W1
IXI002-Guys-0828,W3,VPLa,right,97.0,1,0.5996,17.28,,False,W1
IXI002-Guys-0828,W3,VPLp,left,477.0,1,0.6109,15.15,1.0325,False,W1
IXI002-Guys-0828,W3,VPLp,right,462.0,1,0.5982,15.93,,False,W1
IXI002-Guys-0828,W3,VPM,left,154.0,1,0.6369,12.05,0.9686,False,W1
IXI002-Guys-0828,W3,VPM,right,159.0,1,0.6495,11.48,,False,W1
IXI002-Guys-0828,W3,global,left,7653.0,2,0.5934,11.09,0.9827,True,W1
IXI002-Guys-0828,W3,global,right,7788.0,4,0.5879,11.47,,True,W1
IXI002-Guys-0828,W3,mtt,left,41.0,2,0.5937,5.37,0.8542,True,W1
IXI002-Guys-0828,W3,mtt,right,48.0,6,0.5618,4.92,,True,W1
IXI002-Guys-0828,W3,sPf,left,12.0,2,0.8762,6.58,1.7143,True,W1
IXI002-Guys-0828,W3,sPf,right,7.0,3,0.9805,6.14,,True,W1
IXI002-Guys-0828,W3,thalamus_body,left,274.0,46,0.4475,12.76,1.2124,True,W1
IXI002-Guys-0828,W3,thalamus_body,right,226.0,35,0.5069,13.58,,True,W1
IXI012-HH-1211,W1,AD,left,8.0,1,0.924,0.25,1.3333,False,W1
IXI012-HH-1211,W1,AD,right,6.0,2,0.969,4.17,,True,W1
IXI012-HH-1211,W1,AM,left,49.0,1,0.8072,1.94,1.3243,False,W1
IXI012-HH-1211,W1,AM,right,37.0,1,0.788,4.97,,False,W1
IXI012-HH-1211,W1,AV,left,262.0,1,0.7128,3.38,1.1542,False,W1
IXI012-HH-1211,W1,AV,right,227.0,1,0.7114,6.49,,False,W1
IXI012-HH-1211,W1,CL,left,704.0,2,0.395,5.98,1.0144,True,W1
IXI012-HH-1211,W1,CL,right,694.0,1,0.3964,8.69,,False,W1
IXI012-HH-1211,W1,CM,left,258.0,1,0.7853,8.1,1.0932,False,W1
IXI012-HH-1211,W1,CM,right,236.0,1,0.801,10.92,,False,W1
IXI012-HH-1211,W1,CeM,left,128.0,3,0.5968,2.81,0.8649,True,W1
IXI012-HH-1211,W1,CeM,right,148.0,2,0.6204,5.46,,True,W1
IXI012-HH-1211,W1,Hb,left,47.0,1,0.8013,2.74,0.9038,False,W1
IXI012-HH-1211,W1,Hb,right,52.0,1,0.7721,5.4,,False,W1
IXI012-HH-1211,W1,LD,left,127.0,2,0.5274,6.87,0.9137,True,W1
IXI012-HH-1211,W1,LD,right,139.0,1,0.6058,9.6,,False,W1
IXI012-HH-1211,W1,LGNmc,left,68.0,3,0.5272,23.81,1.0,True,W3
IXI012-HH-1211,W1,LGNmc,right,68.0,2,0.4932,26.9,,True,W3
IXI012-HH-1211,W1,LGNpc,left,161.0,1,0.7052,23.59,0.9817,False,W1
IXI012-HH-1211,W1,LGNpc,right,164.0,1,0.6807,26.61,,False,W1
IXI012-HH-1211,W1,LP,left,363.0,2,0.671,14.88,0.6697,True,W2
IXI012-HH-1211,W1,LP,right,542.0,1,0.6562,16.89,,False,W2
IXI012-HH-1211,W1,Li,left,60.0,1,0.7135,7.37,0.9231,False,W1
IXI012-HH-1211,W1,Li,right,65.0,1,0.7271,9.97,,False,W1
IXI012-HH-1211,W1,MAX_VOLUME,left,8483.0,3,0.5809,10.56,1.009,True,W1
IXI012-HH-1211,W1,MAX_VOLUME,right,8407.0,4,0.5773,13.31,,True,W1
IXI012-HH-1211,W1,MDmc,left,155.0,1,0.7083,0.94,0.8757,False,W1
IXI012-HH-1211,W1,MDmc,right,177.0,1,0.7247,3.84,,False,W1
IXI012-HH-1211,W1,MDpc,left,780.0,1,0.7067,4.15,0.9618,False,W1
IXI012-HH-1211,W1,MDpc,right,811.0,1,0.6793,6.89,,False,W1
IXI012-HH-1211,W1,MGN,left,181.0,1,0.7779,15.99,1.0,False,W1
IXI012-HH-1211,W1,MGN,right,181.0,1,0.7565,18.87,,False,W1
IXI012-HH-1211,W1,MV,left,16.0,2,0.7805,1.56,1.4545,True,W1
IXI012-HH-1211,W1,MV,right,11.0,2,0.8433,4.27,,True,W1
IXI012-HH-1211,W1,Pf,left,126.0,1,0.6316,4.83,0.8344,False,W1
IXI012-HH-1211,W1,Pf,right,151.0,1,0.6849,7.22,,False,W1
IXI012-HH-1211,W1,Po,left,56.0,1,0.6816,12.79,0.918,False,W1
IXI012-HH-1211,W1,Po,right,61.0,1,0.6832,15.41,,False,W1
IXI012-HH-1211,W1,PuA,left,148.0,1,0.6639,12.32,0.9308,False,W1
IXI012-HH-1211,W1,PuA,right,159.0,1,0.6915,14.9,,False,W1
IXI012-HH-1211,W1,PuI,left,52.0,2,0.7678,22.1,0.8814,True,W1
IXI012-HH-1211,W1,PuI,right,59.0,1,0.7654,24.61,,False,W1
IXI012-HH-1211,W1,PuL,left,334.0,1,0.7561,21.7,0.9408,False,W1
IXI012-HH-1211,W1,PuL,right,355.0,1,0.731,24.4,,False,W1
IXI012-HH-1211,W1,PuM,left,1515.0,1,0.7014,13.01,0.9644,False,W1
IXI012-HH-1211,W1,PuM,right,1571.0,1,0.6976,15.67,,False,W1
IXI012-HH-1211,W1,Pv,left,3.0,2,0.0,0.33,0.6,True,W1
IXI012-HH-1211,W1,Pv,right,5.0,1,1.1666,3.0,,False,W1
IXI012-HH-1211,W1,RN,left,344.0,1,0.8585,5.45,1.0818,False,W1
IXI012-HH-1211,W1,RN,right,318.0,1,0.8636,8.5,,False,W1
IXI012-HH-1211,W1,SG,left,44.0,2,0.7862,12.11,0.9778,True,W1
IXI012-HH-1211,W1,SG,right,45.0,1,0.7863,15.0,,False,W1
IXI012-HH-1211,W1,STh,left,202.0,1,0.6959,11.15,1.01,False,W2
IXI012-HH-1211,W1,STh,right,200.0,2,0.6901,13.97,,True,W2
IXI012-HH-1211,W1,VAmc,left,67.0,1,0.5769,5.9,1.0469,False,W1
IXI012-HH-1211,W1,VAmc,right,64.0,1,0.5845,8.58,,False,W1
IXI012-HH-1211,W1,VApc,left,507.0,4,0.6085,9.01,1.1736,True,W1
IXI012-HH-1211,W1,VApc,right,432.0,2,0.6276,11.14,,True,W1
IXI012-HH-1211,W1,VLa,left,310.0,2,0.6536,12.35,1.0508,True,W2
IXI012-HH-1211,W1,VLa,right,295.0,1,0.6739,14.68,,False,W2
IXI012-HH-1211,W1,VLpd,left,648.0,4,0.683,10.7,1.0658,True,W2
IXI012-HH-1211,W1,VLpd,right,608.0,3,0.6835,13.53,,True,W2
IXI012-HH-1211,W1,VLpv,left,673.0,1,0.592,11.52,1.0532,False,W1
IXI012-HH-1211,W1,VLpv,right,639.0,1,0.6157,14.25,,False,W1
IXI012-HH-1211,W1,VM,left,136.0,1,0.6594,8.43,1.1148,False,W1
IXI012-HH-1211,W1,VM,right,122.0,2,0.6612,11.07,,True,W1
IXI012-HH-1211,W1,VPI,left,67.0,1,0.7739,15.25,1.0984,False,W1
IXI012-HH-1211,W1,VPI,right,61.0,1,0.7317,17.66,,False,W1
IXI012-HH-1211,W1,VPLa,left,111.0,2,0.6559,15.92,1.1212,True,W2
IXI012-HH-1211,W1,VPLa,right,99.0,1,0.6185,18.63,,False,W2
IXI012-HH-1211,W1,VPLp,left,493.0,1,0.5969,14.88,1.0102,False,W1
IXI012-HH-1211,W1,VPLp,right,488.0,1,0.6047,17.41,,False,W1
IXI012-HH-1211,W1,VPM,left,159.0,1,0.6111,11.2,0.9937,False,W3
IXI012-HH-1211,W1,VPM,right,160.0,2,0.6778,13.77,,True,W3
IXI012-HH-1211,W1,global,left,8483.0,3,0.5809,10.56,1.0093,True,W1
IXI012-HH-1211,W1,global,right,8405.0,4,0.5781,13.31,,True,W1
IXI012-HH-1211,W1,mtt,left,56.0,2,0.5608,4.68,0.918,True,W1
IXI012-HH-1211,W1,mtt,right,61.0,3,0.6172,7.51,,True,W1
IXI012-HH-1211,W1,sPf,left,10.0,3,0.8678,5.7,0.9091,True,W1
IXI012-HH-1211,W1,sPf,right,11.0,3,0.8388,8.82,,True,W1
IXI012-HH-1211,W1,thalamus_body,left,287.0,37,0.4722,12.49,1.0106,True,W1
IXI012-HH-1211,W1,thalamus_body,right,284.0,35,0.4701,15.8,,True,W1
IXI012-HH-1211,W2,AD,left,6.0,2,0.969,0.17,1.5,True,W1
IXI012-HH-1211,W2,AD,right,4.0,1,1.1927,3.0,,False,W1
IXI012-HH-1211,W2,AM,left,38.0,1,0.7719,1.47,1.52,False,W1
IXI012-HH-1211,W2,AM,right,25.0,1,0.6728,4.28,,False,W1
IXI012-HH-1211,W2,AV,left,231.0,2,0.6802,3.01,1.2353,True,W1
IXI012-HH-1211,W2,AV,right,187.0,1,0.6653,5.66,,False,W1
IXI012-HH-1211,W2,CL,left,609.0,3,0.3702,4.86,0.9531,True,W1
IXI012-HH-1211,W2,CL,right,639.0,3,0.3733,7.45,,True,W1
IXI012-HH-1211,W2,CM,left,248.0,1,0.7624,6.38,0.9612,False,W1
IXI012-HH-1211,W2,CM,right,258.0,1,0.7623,9.05,,False,W1
IXI012-HH-1211,W2,CeM,left,110.0,2,0.5725,1.84,0.9322,True,W1
IXI012-HH-1211,W2,CeM,right,118.0,2,0.5927,4.22,,True,W1
IXI012-HH-1211,W2,Hb,left,31.0,1,0.7902,2.16,0.7561,False,W1
IXI012-HH-1211,W2,Hb,right,41.0,1,0.7839,4.68,,False,W1
IXI012-HH-1211,W2,LD,left,109.0,9,0.5098,6.06,1.0481,True,W1
IXI012-HH-1211,W2,LD,right,104.0,5,0.4872,8.79,,True,W1
IXI012-HH-1211,W2,LGNmc,left,65.0,3,0.4802,23.65,1.0484,True,W3
IXI012-HH-1211,W2,LGNmc,right,62.0,2,0.4856,25.81,,True,W3
IXI012-HH-1211,W2,LGNpc,left,166.0,1,0.6461,23.08,1.0,False,W1
IXI012-HH-1211,W2,LGNpc,right,166.0,3,0.68,25.68,,True,W1
IXI012-HH-1211,W2,LP,left,368.0,1,0.6671,13.92,0.6879,False,W2
IXI012-HH-1211,W2,LP,right,535.0,1,0.6511,15.89,,False,W2
IXI012-HH-1211,W2,Li,left,39.0,2,0.692,6.23,0.8298,True,W1
IXI012-HH-1211,W2,Li,right,47.0,1,0.693,8.62,,False,W1
IXI012-HH-1211,W2,MAX_VOLUME,left,8341.0,6,0.552,9.7,1.0174,True,W1
IXI012-HH-1211,W2,MAX_VOLUME,right,8198.0,4,0.5597,12.23,,True,W1
IXI012-HH-1211,W2,MDmc,left,124.0,2,0.661,0.22,1.0248,True,W1
IXI012-HH-1211,W2,MDmc,right,121.0,1,0.6162,2.69,,False,W1
IXI012-HH-1211,W2,MDpc,left,670.0,1,0.6645,2.97,0.9267,False,W1
IXI012-HH-1211,W2,MDpc,right,723.0,1,0.6808,5.48,,False,W1
IXI012-HH-1211,W2,MGN,left,166.0,1,0.7124,14.61,0.954,False,W1
IXI012-HH-1211,W2,MGN,right,174.0,1,0.7012,17.55,,False,W1
IXI012-HH-1211,W2,MV,left,10.0,4,0.7608,0.9,2.0,True,W1
IXI012-HH-1211,W2,MV,right,5.0,3,1.1236,4.0,,True,W1
IXI012-HH-1211,W2,Pf,left,145.0,3,0.6012,3.67,1.0,True,W1
IXI012-HH-1211,W2,Pf,right,145.0,2,0.6384,6.11,,True,W1
IXI012-HH-1211,W2,Po,left,53.0,1,0.718,11.21,1.0192,False,W1
IXI012-HH-1211,W2,Po,right,52.0,2,0.7193,14.15,,True,W1
IXI012-HH-1211,W2,PuA,left,155.0,3,0.6773,10.19,0.9873,True,W1
IXI012-HH-1211,W2,PuA,right,157.0,2,0.6912,13.03,,True,W1
IXI012-HH-1211,W2,PuI,left,60.0,1,0.7336,20.45,0.8824,False,W1
IXI012-HH-1211,W2,PuI,right,68.0,2,0.7469,23.54,,True,W1
IXI012-HH-1211,W2,PuL,left,404.0,1,0.7734,20.34,0.9854,False,W1
IXI012-HH-1211,W2,PuL,right,410.0,1,0.7207,23.19,,False,W1
IXI012-HH-1211,W2,PuM,left,1410.0,2,0.6757,11.97,1.0383,True,W1
IXI012-HH-1211,W2,PuM,right,1358.0,4,0.665,14.91,,True,W1
IXI012-HH-1211,W2,Pv,left,5.0,2,1.193,0.2,0.8333,True,W1
IXI012-HH-1211,W2,Pv,right,6.0,1,1.0681,2.0,,False,W1
IXI012-HH-1211,W2,RN,left,355.0,1,0.8219,4.78,0.9673,False,W1
IXI012-HH-1211,W2,RN,right,367.0,1,0.8127,7.47,,False,W1
IXI012-HH-1211,W2,SG,left,41.0,3,0.811,10.54,1.0,True,W1
IXI012-HH-1211,W2,SG,right,41.0,1,0.813,13.59,,False,W1
IXI012-HH-1211,W2,STh,left,253.0,1,0.7236,9.94,1.0812,False,W2
IXI012-HH-1211,W2,STh,right,234.0,1,0.695,12.41,,False,W2
IXI012-HH-1211,W2,VAmc,left,67.0,1,0.6356,4.49,1.34,False,W1
IXI012-HH-1211,W2,VAmc,right,50.0,1,0.5849,6.56,,False,W1
IXI012-HH-1211,W2,VApc,left,491.0,4,0.6312,7.68,1.2123,True,W1
IXI012-HH-1211,W2,VApc,right,405.0,3,0.6454,9.47,,True,W1
IXI012-HH-1211,W2,VLa,left,362.0,1,0.6521,10.76,1.1348,False,W2
IXI012-HH-1211,W2,VLa,right,319.0,1,0.6853,12.62,,False,W2
IXI012-HH-1211,W2,VLpd,left,656.0,1,0.6786,9.83,1.0825,False,W2
IXI012-HH-1211,W2,VLpd,right,606.0,4,0.6734,11.91,,True,W2
IXI012-HH-1211,W2,VLpv,left,754.0,4,0.5833,9.81,1.0259,True,W1
IXI012-HH-1211,W2,VLpv,right,735.0,2,0.6095,12.14,,True,W1
IXI012-HH-1211,W2,VM,left,148.0,2,0.6448,6.95,0.9933,True,W1
IXI012-HH-1211,W2,VM,right,149.0,1,0.656,9.17,,False,W1
IXI012-HH-1211,W2,VPI,left,70.0,1,0.698,13.3,1.0,False,W1
IXI012-HH-1211,W2,VPI,right,70.0,1,0.8083,16.01,,False,W1
IXI012-HH-1211,W2,VPLa,left,119.0,1,0.6477,13.89,1.0721,False,W2
IXI012-HH-1211,W2,VPLa,right,111.0,1,0.6449,16.63,,False,W2
IXI012-HH-1211,W2,VPLp,left,543.0,2,0.5918,13.13,1.015,True,W1
IXI012-HH-1211,W2,VPLp,right,535.0,1,0.5884,15.44,,False,W1
IXI012-HH-1211,W2,VPM,left,188.0,2,0.6229,9.47,0.9792,True,W3
IXI012-HH-1211,W2,VPM,right,192.0,1,0.6288,12.02,,False,W3
IXI012-HH-1211,W2,global,left,8341.0,6,0.552,9.7,1.0179,True,W1
IXI012-HH-1211,W2,global,right,8194.0,4,0.5602,12.22,,True,W1
IXI012-HH-1211,W2,mtt,left,48.0,4,0.5144,3.25,0.8276,True,W1
IXI012-HH-1211,W2,mtt,right,58.0,3,0.5949,5.93,,True,W1
IXI012-HH-1211,W2,sPf,left,13.0,2,0.8618,4.31,1.3,True,W1
IXI012-HH-1211,W2,sPf,right,10.0,3,0.8388,7.0,,True,W1
IXI012-HH-1211,W2,thalamus_body,left,251.0,45,0.467,11.57,0.9544,True,W1
IXI012-HH-1211,W2,thalamus_body,right,263.0,44,0.469,14.95,,True,W1
IXI012-HH-1211,W3,AD,left,8.0,1,0.924,0.25,1.3333,False,W1
IXI012-HH-1211,W3,AD,right,6.0,2,0.969,4.17,,True,W1
IXI012-HH-1211,W3,AM,left,50.0,1,0.8078,1.92,1.3158,False,W1
IXI012-HH-1211,W3,AM,right,38.0,1,0.7977,4.97,,False,W1
IXI012-HH-1211,W3,AV,left,250.0,1,0.7291,3.29,1.0965,False,W1
IXI012-HH-1211,W3,AV,right,228.0,1,0.724,6.49,,False,W1
IXI012-HH-1211,W3,CL,left,700.0,2,0.392,5.96,1.0057,True,W1
IXI012-HH-1211,W3,CL,right,696.0,2,0.4,8.73,,True,W1
IXI012-HH-1211,W3,CM,left,252.0,1,0.7901,8.19,1.1101,False,W1
IXI012-HH-1211,W3,CM,right,227.0,1,0.7862,11.0,,False,W1
IXI012-HH-1211,W3,CeM,left,131.0,3,0.6125,2.8,0.9034,True,W1
IXI012-HH-1211,W3,CeM,right,145.0,2,0.6093,5.48,,True,W1
IXI012-HH-1211,W3,Hb,left,48.0,1,0.8392,2.77,0.8889,False,W1
IXI012-HH-1211,W3,Hb,right,54.0,1,0.7856,5.39,,False,W1
IXI012-HH-1211,W3,LD,left,107.0,4,0.504,6.46,0.7483,True,W1
IXI012-HH-1211,W3,LD,right,143.0,1,0.6054,9.67,,False,W1
IXI012-HH-1211,W3,LGNmc,left,64.0,1,0.5117,24.0,0.8649,False,W3
IXI012-HH-1211,W3,LGNmc,right,74.0,4,0.5153,27.05,,True,W3
IXI012-HH-1211,W3,LGNpc,left,164.0,1,0.7159,23.57,1.025,False,W1
IXI012-HH-1211,W3,LGNpc,right,160.0,1,0.6587,26.59,,False,W1
IXI012-HH-1211,W3,LP,left,384.0,2,0.6872,14.79,0.6931,True,W2
IXI012-HH-1211,W3,LP,right,554.0,2,0.6515,16.84,,True,W2
IXI012-HH-1211,W3,Li,left,64.0,2,0.7147,7.3,0.8767,True,W1
IXI012-HH-1211,W3,Li,right,73.0,1,0.7124,10.19,,False,W1
IXI012-HH-1211,W3,MAX_VOLUME,left,8522.0,3,0.5795,10.55,1.0103,True,W1
IXI012-HH-1211,W3,MAX_VOLUME,right,8435.0,3,0.5767,13.3,,True,W1
IXI012-HH-1211,W3,MDmc,left,154.0,1,0.7261,0.9,0.875,False,W1
IXI012-HH-1211,W3,MDmc,right,176.0,1,0.7227,3.84,,False,W1
IXI012-HH-1211,W3,MDpc,left,790.0,1,0.7036,4.15,0.9553,False,W1
IXI012-HH-1211,W3,MDpc,right,827.0,1,0.6849,6.96,,False,W1
IXI012-HH-1211,W3,MGN,left,180.0,1,0.7824,16.01,0.9945,False,W1
IXI012-HH-1211,W3,MGN,right,181.0,1,0.7524,18.95,,False,W1
IXI012-HH-1211,W3,MV,left,18.0,3,0.7427,1.56,1.3846,True,W1
IXI012-HH-1211,W3,MV,right,13.0,2,0.8078,4.23,,True,W1
IXI012-HH-1211,W3,Pf,left,129.0,1,0.6546,4.76,0.7818,False,W1
IXI012-HH-1211,W3,Pf,right,165.0,1,0.6816,7.49,,False,W1
IXI012-HH-1211,W3,Po,left,57.0,1,0.6651,12.82,1.0,False,W1
IXI012-HH-1211,W3,Po,right,57.0,1,0.6793,15.67,,False,W1
IXI012-HH-1211,W3,PuA,left,151.0,1,0.6709,12.3,0.9497,False,W1
IXI012-HH-1211,W3,PuA,right,159.0,1,0.7035,14.92,,False,W1
IXI012-HH-1211,W3,PuI,left,54.0,2,0.7757,22.07,0.8852,True,W1
IXI012-HH-1211,W3,PuI,right,61.0,1,0.7735,24.43,,False,W1
IXI012-HH-1211,W3,PuL,left,332.0,1,0.7585,21.72,0.9513,False,W1
IXI012-HH-1211,W3,PuL,right,349.0,1,0.7354,24.3,,False,W1
IXI012-HH-1211,W3,PuM,left,1521.0,2,0.71,12.98,0.9744,True,W1
IXI012-HH-1211,W3,PuM,right,1561.0,2,0.6927,15.65,,True,W1
IXI012-HH-1211,W3,Pv,left,4.0,3,1.2287,0.25,0.8,True,W1
IXI012-HH-1211,W3,Pv,right,5.0,1,1.1666,3.0,,False,W1
IXI012-HH-1211,W3,RN,left,355.0,1,0.8579,5.54,1.1234,False,W1
IXI012-HH-1211,W3,RN,right,316.0,1,0.8495,8.5,,False,W1
IXI012-HH-1211,W3,SG,left,46.0,2,0.8037,12.09,1.0222,True,W1
IXI012-HH-1211,W3,SG,right,45.0,2,0.8073,15.31,,True,W1
IXI012-HH-1211,W3,STh,left,212.0,1,0.6858,11.29,1.0653,False,W2
IXI012-HH-1211,W3,STh,right,199.0,1,0.7149,14.17,,False,W2
IXI012-HH-1211,W3,VAmc,left,64.0,1,0.582,5.84,1.0323,False,W1
IXI012-HH-1211,W3,VAmc,right,62.0,1,0.5805,8.61,,False,W1
IXI012-HH-1211,W3,VApc,left,510.0,3,0.6151,8.96,1.1486,True,W1
IXI012-HH-1211,W3,VApc,right,444.0,3,0.6187,11.19,,True,W1
IXI012-HH-1211,W3,VLa,left,306.0,1,0.6892,12.34,1.0737,False,W2
IXI012-HH-1211,W3,VLa,right,285.0,2,0.6943,14.76,,True,W2
IXI012-HH-1211,W3,VLpd,left,646.0,4,0.6866,10.68,1.0785,True,W2
IXI012-HH-1211,W3,VLpd,right,599.0,3,0.7007,13.56,,True,W2
IXI012-HH-1211,W3,VLpv,left,672.0,1,0.5946,11.49,1.065,False,W1
IXI012-HH-1211,W3,VLpv,right,631.0,1,0.6079,14.26,,False,W1
IXI012-HH-1211,W3,VM,left,137.0,1,0.6471,8.41,1.181,False,W1
IXI012-HH-1211,W3,VM,right,116.0,2,0.6647,11.17,,True,W1
IXI012-HH-1211,W3,VPI,left,65.0,1,0.7646,15.31,1.0317,False,W1
IXI012-HH-1211,W3,VPI,right,63.0,1,0.7262,17.67,,False,W1
IXI012-HH-1211,W3,VPLa,left,112.0,2,0.6262,15.92,1.1667,True,W2
IXI012-HH-1211,W3,VPLa,right,96.0,1,0.6143,18.67,,False,W2
IXI012-HH-1211,W3,VPLp,left,499.0,1,0.601,14.84,0.998,False,W1
IXI012-HH-1211,W3,VPLp,right,500.0,2,0.6052,17.42,,True,W1
IXI012-HH-1211,W3,VPM,left,161.0,1,0.633,11.14,1.0321,False,W3
IXI012-HH-1211,W3,VPM,right,156.0,1,0.661,13.76,,False,W3
IXI012-HH-1211,W3,global,left,8522.0,3,0.5795,10.55,1.0106,True,W1
IXI012-HH-1211,W3,global,right,8433.0,3,0.5771,13.3,,True,W1
IXI012-HH-1211,W3,mtt,left,58.0,2,0.5538,4.55,0.9206,True,W1
IXI012-HH-1211,W3,mtt,right,63.0,4,0.6018,7.57,,True,W1
IXI012-HH-1211,W3,sPf,left,10.0,3,0.8678,5.7,0.9091,True,W1
IXI012-HH-1211,W3,sPf,right,11.0,4,0.7914,9.0,,True,W1
IXI012-HH-1211,W3,thalamus_body,left,291.0,43,0.4536,12.42,1.0319,True,W1
IXI012-HH-1211,W3,thalamus_body,right,282.0,32,0.4671,15.85,,True,W1
IXI013-HH-1212,W1,AD,left,6.0,1,1.0751,2.0,1.2,False,W1
IXI013-HH-1212,W1,AD,right,5.0,1,1.1666,2.0,,False,W1
IXI013-HH-1212,W1,AM,left,37.0,1,0.8583,3.62,1.48,False,W1
IXI013-HH-1212,W1,AM,right,25.0,1,0.8152,2.28,,False,W1
IXI013-HH-1212,W1,AV,left,231.0,1,0.7552,5.12,1.1726,False,W1
IXI013-HH-1212,W1,AV,right,197.0,1,0.7129,3.77,,False,W1
IXI013-HH-1212,W1,CL,left,674.0,2,0.4199,7.12,1.1385,True,W2
IXI013-HH-1212,W1,CL,right,592.0,3,0.4149,6.03,,True,W2
IXI013-HH-1212,W1,CM,left,270.0,1,0.8044,9.06,1.0757,False,W1
IXI013-HH-1212,W1,CM,right,251.0,1,0.7947,8.34,,False,W1
IXI013-HH-1212,W1,CeM,left,134.0,1,0.6421,4.19,1.0984,False,W1
IXI013-HH-1212,W1,CeM,right,122.0,1,0.636,2.92,,False,W1
IXI013-HH-1212,W1,Hb,left,45.0,1,0.8792,3.67,1.0714,False,W1
IXI013-HH-1212,W1,Hb,right,42.0,1,0.8417,3.19,,False,W1
IXI013-HH-1212,W1,LD,left,130.0,2,0.5819,7.99,0.9489,True,W3
IXI013-HH-1212,W1,LD,right,137.0,2,0.6215,6.69,,True,W3
IXI013-HH-1212,W1,LGNmc,left,56.0,1,0.5398,24.02,1.0182,False,W1
IXI013-HH-1212,W1,LGNmc,right,55.0,2,0.5592,22.84,,True,W1
IXI013-HH-1212,W1,LGNpc,left,139.0,2,0.7117,23.63,1.0296,True,W2
IXI013-HH-1212,W1,LGNpc,right,135.0,1,0.7501,22.79,,False,W2
IXI013-HH-1212,W1,LP,left,344.0,1,0.7337,15.98,0.6745,False,W1
IXI013-HH-1212,W1,LP,right,510.0,1,0.6655,13.93,,False,W1
IXI013-HH-1212,W1,Li,left,60.0,3,0.7538,8.52,1.0909,True,W1
IXI013-HH-1212,W1,Li,right,55.0,1,0.694,8.13,,False,W1
IXI013-HH-1212,W1,MAX_VOLUME,left,7709.0,2,0.5851,11.34,0.9809,True,W1
IXI013-HH-1212,W1,MAX_VOLUME,right,7859.0,2,0.5906,10.7,,True,W1
IXI013-HH-1212,W1,MDmc,left,151.0,2,0.7658,2.49,1.3853,True,W2
IXI013-HH-1212,W1,MDmc,right,109.0,1,0.658,1.4,,False,W2
IXI013-HH-1212,W1,MDpc,left,753.0,1,0.7044,5.46,0.9729,False,W1
IXI013-HH-1212,W1,MDpc,right,774.0,1,0.7531,4.56,,False,W1
IXI013-HH-1212,W1,MGN,left,154.0,1,0.7859,16.34,0.8556,False,W1
IXI013-HH-1212,W1,MGN,right,180.0,1,0.7898,16.24,,False,W1
IXI013-HH-1212,W1,MV,left,18.0,1,0.8542,2.83,2.25,False,W1
IXI013-HH-1212,W1,MV,right,8.0,1,0.9432,2.0,,False,W1
IXI013-HH-1212,W1,Pf,left,140.0,1,0.6781,5.71,1.037,False,W1
IXI013-HH-1212,W1,Pf,right,135.0,1,0.6817,5.12,,False,W1
IXI013-HH-1212,W1,Po,left,48.0,1,0.7739,13.81,0.9057,False,W1
IXI013-HH-1212,W1,Po,right,53.0,1,0.7447,13.47,,False,W1
IXI013-HH-1212,W1,PuA,left,122.0,1,0.6972,12.98,0.9457,False,W1
IXI013-HH-1212,W1,PuA,right,129.0,1,0.6844,12.44,,False,W1
IXI013-HH-1212,W1,PuI,left,46.0,1,0.761,22.15,0.902,False,W1
IXI013-HH-1212,W1,PuI,right,51.0,1,0.8012,21.53,,False,W1
IXI013-HH-1212,W1,PuL,left,284.0,1,0.7592,22.08,0.8793,False,W1
IXI013-HH-1212,W1,PuL,right,323.0,1,0.7372,21.42,,False,W1
IXI013-HH-1212,W1,PuM,left,1420.0,1,0.7196,13.57,0.9398,False,W1
IXI013-HH-1212,W1,PuM,right,1511.0,1,0.7178,13.16,,False,W1
IXI013-HH-1212,W1,Pv,left,4.0,1,1.204,2.0,0.8,False,W1
IXI013-HH-1212,W1,Pv,right,5.0,1,1.1002,0.0,,False,W1
IXI013-HH-1212,W1,RN,left,291.0,1,0.8296,6.51,0.9238,False,W1
IXI013-HH-1212,W1,RN,right,315.0,1,0.8465,6.23,,False,W1
IXI013-HH-1212,W1,SG,left,43.0,1,0.7691,12.98,0.9556,False,W1
IXI013-HH-1212,W1,SG,right,45.0,1,0.7766,12.4,,False,W1
IXI013-HH-1212,W1,STh,left,207.0,1,0.711,12.34,0.9452,False,W1
IXI013-HH-1212,W1,STh,right,219.0,1,0.711,11.0,,False,W1
IXI013-HH-1212,W1,VAmc,left,51.0,1,0.5986,6.86,0.7727,False,W1
IXI013-HH-1212,W1,VAmc,right,66.0,1,0.6023,5.64,,False,W1
IXI013-HH-1212,W1,VApc,left,429.0,3,0.6317,9.63,0.9512,True,W1
IXI013-HH-1212,W1,VApc,right,451.0,2,0.6459,8.15,,True,W1
IXI013-HH-1212,W1,VLa,left,261.0,2,0.6861,13.1,0.9031,True,W3
IXI013-HH-1212,W1,VLa,right,289.0,1,0.7386,11.75,,False,W3
IXI013-HH-1212,W1,VLpd,left,576.0,2,0.7202,11.99,1.0286,True,W2
IXI013-HH-1212,W1,VLpd,right,560.0,1,0.7172,10.59,,False,W2
IXI013-HH-1212,W1,VLpv,left,577.0,1,0.6239,12.41,1.0105,False,W1
IXI013-HH-1212,W1,VLpv,right,571.0,1,0.628,11.56,,False,W1
IXI013-HH-1212,W1,VM,left,129.0,1,0.6851,9.66,1.0238,False,W1
IXI013-HH-1212,W1,VM,right,126.0,1,0.6908,8.25,,False,W1
IXI013-HH-1212,W1,VPI,left,45.0,1,0.81,15.73,0.9375,False,W1
IXI013-HH-1212,W1,VPI,right,48.0,1,0.7957,15.12,,False,W1
IXI013-HH-1212,W1,VPLa,left,101.0,1,0.6822,16.07,1.0412,False,W1
IXI013-HH-1212,W1,VPLa,right,97.0,1,0.685,15.67,,False,W1
IXI013-HH-1212,W1,VPLp,left,411.0,1,0.6191,15.37,0.9053,False,W2
IXI013-HH-1212,W1,VPLp,right,454.0,2,0.6422,14.5,,True,W2
IXI013-HH-1212,W1,VPM,left,155.0,1,0.6526,11.95,1.0265,False,W2
IXI013-HH-1212,W1,VPM,right,151.0,2,0.6246,11.3,,True,W2
IXI013-HH-1212,W1,global,left,7709.0,2,0.5851,11.34,0.9813,True,W1
IXI013-HH-1212,W1,global,right,7856.0,2,0.5906,10.7,,True,W1
IXI013-HH-1212,W1,mtt,left,50.0,2,0.613,6.0,0.8621,True,W1
IXI013-HH-1212,W1,mtt,right,58.0,3,0.5775,4.55,,True,W1
IXI013-HH-1212,W1,sPf,left,10.0,2,0.9392,6.8,0.7143,True,W1
IXI013-HH-1212,W1,sPf,right,14.0,3,0.7922,5.86,,True,W1
IXI013-HH-1212,W1,thalamus_body,left,257.0,44,0.4549,12.85,0.9245,True,W1
IXI013-HH-1212,W1,thalamus_body,right,278.0,42,0.4828,13.36,,True,W1
IXI013-HH-1212,W2,AD,left,3.0,1,0.0,2.0,0.5,False,W1
IXI013-HH-1212,W2,AD,right,6.0,1,1.0764,1.17,,False,W1
IXI013-HH-1212,W2,AM,left,31.0,1,0.7105,3.45,1.3478,False,W1
IXI013-HH-1212,W2,AM,right,23.0,1,0.694,1.74,,False,W1
IXI013-HH-1212,W2,AV,left,206.0,1,0.7118,4.6,1.0,False,W1
IXI013-HH-1212,W2,AV,right,206.0,1,0.6501,3.06,,False,W1
IXI013-HH-1212,W2,CL,left,590.0,1,0.4052,6.03,1.0786,False,W2
IXI013-HH-1212,W2,CL,right,547.0,2,0.3768,4.86,,True,W2
IXI013-HH-1212,W2,CM,left,239.0,1,0.7753,6.97,0.9598,False,W1
IXI013-HH-1212,W2,CM,right,249.0,1,0.7724,6.45,,False,W1
IXI013-HH-1212,W2,CeM,left,108.0,2,0.6275,3.12,1.0286,True,W1
IXI013-HH-1212,W2,CeM,right,105.0,5,0.6241,1.7,,True,W1
IXI013-HH-1212,W2,Hb,left,22.0,1,0.8493,2.41,0.8148,False,W1
IXI013-HH-1212,W2,Hb,right,27.0,1,0.771,2.07,,False,W1
IXI013-HH-1212,W2,LD,left,122.0,3,0.516,7.03,1.4878,True,W3
IXI013-HH-1212,W2,LD,right,82.0,5,0.5764,5.9,,True,W3
IXI013-HH-1212,W2,LGNmc,left,59.0,5,0.5363,23.36,0.8806,True,W1
IXI013-HH-1212,W2,LGNmc,right,67.0,4,0.5075,22.39,,True,W1
IXI013-HH-1212,W2,LGNpc,left,167.0,1,0.6407,22.92,0.9435,False,W2
IXI013-HH-1212,W2,LGNpc,right,177.0,1,0.7107,22.12,,False,W2
IXI013-HH-1212,W2,LP,left,368.0,2,0.6969,14.7,0.7345,True,W1
IXI013-HH-1212,W2,LP,right,501.0,2,0.6803,13.12,,True,W1
IXI013-HH-1212,W2,Li,left,44.0,2,0.707,6.23,0.7719,True,W1
IXI013-HH-1212,W2,Li,right,57.0,1,0.7217,6.72,,False,W1
IXI013-HH-1212,W2,MAX_VOLUME,left,8194.0,4,0.5686,10.49,1.0009,True,W1
IXI013-HH-1212,W2,MAX_VOLUME,right,8187.0,5,0.56,9.61,,True,W1
IXI013-HH-1212,W2,MDmc,left,111.0,1,0.6117,1.64,0.925,False,W2
IXI013-HH-1212,W2,MDmc,right,120.0,1,0.6477,0.5,,False,W2
IXI013-HH-1212,W2,MDpc,left,649.0,1,0.6642,4.22,1.0172,False,W1
IXI013-HH-1212,W2,MDpc,right,638.0,1,0.671,2.93,,False,W1
IXI013-HH-1212,W2,MGN,left,176.0,1,0.7439,15.09,0.7928,False,W1
IXI013-HH-1212,W2,MGN,right,222.0,1,0.7338,15.17,,False,W1
IXI013-HH-1212,W2,MV,left,4.0,3,1.249,2.5,1.3333,True,W1
IXI013-HH-1212,W2,MV,right,3.0,1,0.0,1.0,,False,W1
IXI013-HH-1212,W2,Pf,left,119.0,1,0.6098,4.25,0.9675,False,W1
IXI013-HH-1212,W2,Pf,right,123.0,1,0.626,3.76,,False,W1
IXI013-HH-1212,W2,Po,left,59.0,1,0.7792,12.0,0.8676,False,W1
IXI013-HH-1212,W2,Po,right,68.0,1,0.7816,11.74,,False,W1
IXI013-HH-1212,W2,PuA,left,172.0,1,0.6802,10.82,1.1467,False,W1
IXI013-HH-1212,W2,PuA,right,150.0,2,0.731,10.37,,True,W1
IXI013-HH-1212,W2,PuI,left,48.0,2,0.755,21.04,0.9057,True,W1
IXI013-HH-1212,W2,PuI,right,53.0,1,0.7612,20.49,,False,W1
IXI013-HH-1212,W2,PuL,left,353.0,1,0.755,20.94,0.9051,False,W1
IXI013-HH-1212,W2,PuL,right,390.0,1,0.7597,20.41,,False,W1
IXI013-HH-1212,W2,PuM,left,1370.0,4,0.6823,12.61,0.9709,True,W1
IXI013-HH-1212,W2,PuM,right,1411.0,2,0.7012,12.38,,True,W1
IXI013-HH-1212,W2,Pv,left,6.0,2,1.1527,1.83,1.0,True,W1
IXI013-HH-1212,W2,Pv,right,6.0,1,1.0121,0.0,,False,W1
IXI013-HH-1212,W2,RN,left,447.0,1,0.8137,5.6,0.9846,False,W1
IXI013-HH-1212,W2,RN,right,454.0,1,0.8035,5.11,,False,W1
IXI013-HH-1212,W2,SG,left,47.0,1,0.8343,11.15,0.8246,False,W1
IXI013-HH-1212,W2,SG,right,57.0,1,0.838,11.4,,False,W1
IXI013-HH-1212,W2,STh,left,248.0,1,0.6877,10.39,0.9219,False,W1
IXI013-HH-1212,W2,STh,right,269.0,1,0.7068,9.31,,False,W1
IXI013-HH-1212,W2,VAmc,left,58.0,1,0.6247,5.5,1.0741,False,W1
IXI013-HH-1212,W2,VAmc,right,54.0,2,0.5669,3.69,,True,W1
IXI013-HH-1212,W2,VApc,left,454.0,2,0.6333,8.71,1.0861,True,W1
IXI013-HH-1212,W2,VApc,right,418.0,4,0.6289,6.76,,True,W1
IXI013-HH-1212,W2,VLa,left,328.0,1,0.7137,11.39,0.982,False,W3
IXI013-HH-1212,W2,VLa,right,334.0,2,0.708,9.66,,True,W3
IXI013-HH-1212,W2,VLpd,left,630.0,1,0.692,10.86,1.0788,False,W2
IXI013-HH-1212,W2,VLpd,right,584.0,1,0.6977,9.02,,False,W2
IXI013-HH-1212,W2,VLpv,left,765.0,1,0.6309,10.85,1.031,False,W1
IXI013-HH-1212,W2,VLpv,right,742.0,1,0.6281,9.2,,False,W1
IXI013-HH-1212,W2,VM,left,147.0,1,0.6529,7.86,0.9866,False,W1
IXI013-HH-1212,W2,VM,right,149.0,1,0.6196,6.37,,False,W1
IXI013-HH-1212,W2,VPI,left,68.0,1,0.7967,14.4,0.8608,False,W1
IXI013-HH-1212,W2,VPI,right,79.0,2,0.7644,13.76,,True,W1
IXI013-HH-1212,W2,VPLa,left,116.0,1,0.6561,14.78,1.1048,False,W1
IXI013-HH-1212,W2,VPLa,right,105.0,1,0.6593,13.7,,False,W1
IXI013-HH-1212,W2,VPLp,left,535.0,1,0.6276,13.82,1.0171,False,W2
IXI013-HH-1212,W2,VPLp,right,526.0,1,0.6228,12.55,,False,W2
IXI013-HH-1212,W2,VPM,left,188.0,1,0.6703,9.95,0.9592,False,W2
IXI013-HH-1212,W2,VPM,right,196.0,1,0.6137,9.09,,False,W2
IXI013-HH-1212,W2,global,left,8194.0,4,0.5686,10.49,1.0011,True,W1
IXI013-HH-1212,W2,global,right,8185.0,5,0.5601,9.61,,True,W1
IXI013-HH-1212,W2,mtt,left,43.0,4,0.5847,4.63,0.8269,True,W1
IXI013-HH-1212,W2,mtt,right,52.0,5,0.5515,3.04,,True,W1
IXI013-HH-1212,W2,sPf,left,10.0,2,0.8771,4.9,0.8333,True,W1
IXI013-HH-1212,W2,sPf,right,12.0,3,0.8655,4.08,,True,W1
IXI013-HH-1212,W2,thalamus_body,left,270.0,40,0.455,12.45,0.8626,True,W1
IXI013-HH-1212,W2,thalamus_body,right,313.0,35,0.4952,12.9,,True,W1
IXI013-HH-1212,W3,AD,left,7.0,2,0.9577,2.14,1.75,True,W1
IXI013-HH-1212,W3,AD,right,4.0,1,1.2979,2.0,,False,W1
IXI013-HH-1212,W3,AM,left,36.0,1,0.8443,3.61,1.2,False,W1
IXI013-HH-1212,W3,AM,right,30.0,1,0.7719,1.97,,False,W1
IXI013-HH-1212,W3,AV,left,231.0,1,0.7584,5.1,1.1053,False,W1
IXI013-HH-1212,W3,AV,right,209.0,1,0.7102,3.74,,False,W1
IXI013-HH-1212,W3,CL,left,688.0,2,0.4258,7.18,1.1821,True,W2
IXI013-HH-1212,W3,CL,right,582.0,4,0.4252,6.04,,True,W2
IXI013-HH-1212,W3,CM,left,270.0,1,0.816,9.03,1.0887,False,W1
IXI013-HH-1212,W3,CM,right,248.0,1,0.7917,8.27,,False,W1
IXI013-HH-1212,W3,CeM,left,133.0,1,0.6547,4.22,1.0726,False,W1
IXI013-HH-1212,W3,CeM,right,124.0,4,0.6013,2.93,,True,W1
IXI013-HH-1212,W3,Hb,left,44.0,1,0.875,3.66,1.0233,False,W1
IXI013-HH-1212,W3,Hb,right,43.0,1,0.8268,3.19,,False,W1
IXI013-HH-1212,W3,LD,left,136.0,1,0.5895,7.99,0.9927,False,W3
IXI013-HH-1212,W3,LD,right,137.0,2,0.6233,6.68,,True,W3
IXI013-HH-1212,W3,LGNmc,left,54.0,1,0.5271,24.0,1.08,False,W1
IXI013-HH-1212,W3,LGNmc,right,50.0,3,0.5509,22.72,,True,W1
IXI013-HH-1212,W3,LGNpc,left,132.0,1,0.7053,23.73,1.0076,False,W2
IXI013-HH-1212,W3,LGNpc,right,131.0,1,0.7431,22.73,,False,W2
IXI013-HH-1212,W3,LP,left,348.0,1,0.731,15.92,0.6692,False,W1
IXI013-HH-1212,W3,LP,right,520.0,1,0.6961,13.98,,False,W1
IXI013-HH-1212,W3,Li,left,59.0,2,0.7884,8.58,1.1132,True,W1
IXI013-HH-1212,W3,Li,right,53.0,1,0.6971,8.13,,False,W1
IXI013-HH-1212,W3,MAX_VOLUME,left,7752.0,2,0.5881,11.34,0.9879,True,W1
IXI013-HH-1212,W3,MAX_VOLUME,right,7847.0,3,0.5908,10.65,,True,W1
IXI013-HH-1212,W3,MDmc,left,152.0,2,0.7607,2.48,1.3451,True,W2
IXI013-HH-1212,W3,MDmc,right,113.0,2,0.6529,1.36,,True,W2
IXI013-HH-1212,W3,MDpc,left,741.0,1,0.7136,5.42,0.9623,False,W1
IXI013-HH-1212,W3,MDpc,right,770.0,1,0.7486,4.56,,False,W1
IXI013-HH-1212,W3,MGN,left,167.0,1,0.7889,16.63,0.933,False,W1
IXI013-HH-1212,W3,MGN,right,179.0,1,0.7938,16.27,,False,W1
IXI013-HH-1212,W3,MV,left,18.0,1,0.8542,2.83,4.5,False,W1
IXI013-HH-1212,W3,MV,right,4.0,1,1.1927,2.0,,False,W1
IXI013-HH-1212,W3,Pf,left,138.0,1,0.6581,5.71,1.0376,False,W1
IXI013-HH-1212,W3,Pf,right,133.0,2,0.6635,5.12,,True,W1
IXI013-HH-1212,W3,Po,left,50.0,1,0.7895,13.84,0.8929,False,W1
IXI013-HH-1212,W3,Po,right,56.0,1,0.7318,13.5,,False,W1
IXI013-HH-1212,W3,PuA,left,146.0,1,0.7321,13.24,1.1061,False,W1
IXI013-HH-1212,W3,PuA,right,132.0,1,0.6893,12.49,,False,W1
IXI013-HH-1212,W3,PuI,left,46.0,2,0.7447,22.11,0.9787,True,W1
IXI013-HH-1212,W3,PuI,right,47.0,1,0.7996,21.51,,False,W1
IXI013-HH-1212,W3,PuL,left,279.0,1,0.7378,22.12,0.8942,False,W1
IXI013-HH-1212,W3,PuL,right,312.0,1,0.7441,21.54,,False,W1
IXI013-HH-1212,W3,PuM,left,1436.0,1,0.7186,13.64,0.9454,False,W1
IXI013-HH-1212,W3,PuM,right,1519.0,1,0.7315,13.28,,False,W1
IXI013-HH-1212,W3,Pv,left,6.0,2,0.9747,1.83,1.5,True,W1
IXI013-HH-1212,W3,Pv,right,4.0,1,1.1927,0.0,,False,W1
IXI013-HH-1212,W3,RN,left,291.0,1,0.8518,6.48,0.918,False,W1
IXI013-HH-1212,W3,RN,right,317.0,1,0.8494,6.15,,False,W1
IXI013-HH-1212,W3,SG,left,41.0,1,0.7853,12.95,0.9111,False,W1
IXI013-HH-1212,W3,SG,right,45.0,1,0.7839,12.4,,False,W1
IXI013-HH-1212,W3,STh,left,207.0,1,0.7179,12.28,0.9718,False,W1
IXI013-HH-1212,W3,STh,right,213.0,1,0.7078,10.85,,False,W1
IXI013-HH-1212,W3,VAmc,left,53.0,1,0.6289,6.87,0.7465,False,W1
IXI013-HH-1212,W3,VAmc,right,71.0,1,0.6143,5.63,,False,W1
IXI013-HH-1212,W3,VApc,left,433.0,3,0.6464,9.54,0.9908,True,W1
IXI013-HH-1212,W3,VApc,right,437.0,4,0.6192,8.12,,True,W1
IXI013-HH-1212,W3,VLa,left,231.0,1,0.691,12.86,0.825,False,W3
IXI013-HH-1212,W3,VLa,right,280.0,1,0.7093,11.42,,False,W3
IXI013-HH-1212,W3,VLpd,left,600.0,1,0.7355,12.03,1.0399,False,W2
IXI013-HH-1212,W3,VLpd,right,577.0,1,0.7331,10.57,,False,W2
IXI013-HH-1212,W3,VLpv,left,557.0,1,0.6181,12.38,0.9587,False,W1
IXI013-HH-1212,W3,VLpv,right,581.0,1,0.6299,11.54,,False,W1
IXI013-HH-1212,W3,VM,left,140.0,1,0.6636,9.61,1.0606,False,W1
IXI013-HH-1212,W3,VM,right,132.0,1,0.6749,8.23,,False,W1
IXI013-HH-1212,W3,VPI,left,46.0,1,0.8106,15.74,1.0222,False,W1
IXI013-HH-1212,W3,VPI,right,45.0,1,0.7777,15.16,,False,W1
IXI013-HH-1212,W3,VPLa,left,111.0,1,0.683,16.01,1.0882,False,W1
IXI013-HH-1212,W3,VPLa,right,102.0,1,0.6892,15.64,,False,W1
IXI013-HH-1212,W3,VPLp,left,412.0,2,0.5976,15.27,0.9176,True,W2
IXI013-HH-1212,W3,VPLp,right,449.0,1,0.6371,14.5,,False,W2
IXI013-HH-1212,W3,VPM,left,152.0,2,0.6537,12.0,0.9806,True,W2
IXI013-HH-1212,W3,VPM,right,155.0,2,0.6341,11.21,,True,W2
IXI013-HH-1212,W3,global,left,7752.0,2,0.5881,11.34,0.9881,True,W1
IXI013-HH-1212,W3,global,right,7845.0,3,0.5907,10.65,,True,W1
IXI013-HH-1212,W3,mtt,left,50.0,2,0.6143,5.96,0.8929,True,W1
IXI013-HH-1212,W3,mtt,right,56.0,4,0.6103,4.5,,True,W1
IXI013-HH-1212,W3,sPf,left,11.0,2,0.8981,6.73,0.8462,True,W1
IXI013-HH-1212,W3,sPf,right,13.0,3,0.8699,5.85,,True,W1
IXI013-HH-1212,W3,thalamus_body,left,272.0,44,0.4582,13.22,1.0074,True,W1
IXI013-HH-1212,W3,thalamus_body,right,270.0,40,0.5044,13.61,,True,W1
IXI015-HH-1258,W1,AD,left,8.0,3,0.8816,2.12,1.0,True,W3
IXI015-HH-1258,W1,AD,right,8.0,2,0.9079,1.12,,True,W3
IXI015-HH-1258,W1,AM,left,43.0,1,0.8001,3.6,1.1944,False,W1
IXI015-HH-1258,W1,AM,right,36.0,1,0.7189,1.58,,False,W1
IXI015-HH-1258,W1,AV,left,273.0,1,0.7047,5.13,1.2581,False,W1
IXI015-HH-1258,W1,AV,right,217.0,3,0.6589,2.93,,True,W1
IXI015-HH-1258,W1,CL,left,726.0,3,0.3682,7.26,1.1273,True,W2
IXI015-HH-1258,W1,CL,right,644.0,3,0.3833,4.84,,True,W2
IXI015-HH-1258,W1,CM,left,237.0,1,0.7266,9.48,1.0,False,W1
IXI015-HH-1258,W1,CM,right,237.0,1,0.8198,6.68,,False,W1
IXI015-HH-1258,W1,CeM,left,147.0,1,0.6238,3.93,1.0352,False,W1
IXI015-HH-1258,W1,CeM,right,142.0,2,0.5841,1.83,,True,W1
IXI015-HH-1258,W1,Hb,left,34.0,1,0.7715,4.32,0.9714,False,W1
IXI015-HH-1258,W1,Hb,right,35.0,1,0.8358,1.66,,False,W1
IXI015-HH-1258,W1,LD,left,127.0,4,0.5642,8.18,0.9137,True,W1
IXI015-HH-1258,W1,LD,right,139.0,2,0.5931,5.22,,True,W1
IXI015-HH-1258,W1,LGNmc,left,73.0,2,0.5379,24.84,1.0735,True,W1
IXI015-HH-1258,W1,LGNmc,right,68.0,1,0.5157,21.4,,False,W1
IXI015-HH-1258,W1,LGNpc,left,164.0,1,0.7163,24.53,1.0933,False,W1
IXI015-HH-1258,W1,LGNpc,right,150.0,1,0.7251,21.15,,False,W1
IXI015-HH-1258,W1,LP,left,349.0,3,0.688,15.08,0.6322,True,W2
IXI015-HH-1258,W1,LP,right,552.0,1,0.6491,11.56,,False,W2
IXI015-HH-1258,W1,Li,left,65.0,2,0.6717,9.08,1.0833,True,W1
IXI015-HH-1258,W1,Li,right,60.0,1,0.7026,5.7,,False,W1
IXI015-HH-1258,W1,MAX_VOLUME,left,8258.0,2,0.5728,11.3,1.0552,True,W1
IXI015-HH-1258,W1,MAX_VOLUME,right,7826.0,6,0.5589,8.6,,True,W1
IXI015-HH-1258,W1,MDmc,left,174.0,1,0.6587,2.8,1.1013,False,W2
IXI015-HH-1258,W1,MDmc,right,158.0,2,0.6376,0.33,,True,W2
IXI015-HH-1258,W1,MDpc,left,890.0,1,0.6636,5.42,1.1396,False,W1
IXI015-HH-1258,W1,MDpc,right,781.0,1,0.6772,3.13,,False,W1
IXI015-HH-1258,W1,MGN,left,175.0,1,0.7227,17.57,1.087,False,W1
IXI015-HH-1258,W1,MGN,right,161.0,1,0.7825,13.92,,False,W1
IXI015-HH-1258,W1,MV,left,11.0,2,0.8431,3.09,3.6667,True,W1
IXI015-HH-1258,W1,MV,right,3.0,2,0.0,1.0,,True,W1
IXI015-HH-1258,W1,Pf,left,159.0,1,0.6597,6.14,1.1866,False,W1
IXI015-HH-1258,W1,Pf,right,134.0,1,0.6198,3.15,,False,W1
IXI015-HH-1258,W1,Po,left,46.0,2,0.7768,14.41,0.8364,True,W2
IXI015-HH-1258,W1,Po,right,55.0,2,0.7076,10.89,,True,W2
IXI015-HH-1258,W1,PuA,left,151.0,2,0.7224,13.34,1.2479,True,W1
IXI015-HH-1258,W1,PuA,right,121.0,1,0.7249,10.37,,False,W1
IXI015-HH-1258,W1,PuI,left,52.0,1,0.7472,23.06,0.9811,False,W1
IXI015-HH-1258,W1,PuI,right,53.0,1,0.8248,19.0,,False,W1
IXI015-HH-1258,W1,PuL,left,291.0,1,0.7488,22.09,0.9831,False,W2
IXI015-HH-1258,W1,PuL,right,296.0,4,0.727,18.36,,True,W2
IXI015-HH-1258,W1,PuM,left,1416.0,1,0.7045,13.97,1.141,False,W1
IXI015-HH-1258,W1,PuM,right,1241.0,3,0.6768,10.36,,True,W1
IXI015-HH-1258,W1,Pv,left,8.0,1,0.9476,2.0,0.8889,False,W1
IXI015-HH-1258,W1,Pv,right,9.0,1,0.9376,0.0,,False,W1
IXI015-HH-1258,W1,RN,left,334.0,1,0.8177,7.41,0.9435,False,W1
IXI015-HH-1258,W1,RN,right,354.0,1,0.8377,4.4,,False,W1
IXI015-HH-1258,W1,SG,left,55.0,1,0.8025,14.11,1.3095,False,W1
IXI015-HH-1258,W1,SG,right,42.0,1,0.7836,10.26,,False,W1
IXI015-HH-1258,W1,STh,left,201.0,1,0.691,12.22,0.9805,False,W1
IXI015-HH-1258,W1,STh,right,205.0,1,0.6842,9.61,,False,W1
IXI015-HH-1258,W1,VAmc,left,59.0,2,0.5925,6.54,1.0172,True,W1
IXI015-HH-1258,W1,VAmc,right,58.0,1,0.5844,4.26,,False,W1
IXI015-HH-1258,W1,VApc,left,497.0,3,0.6183,9.27,1.0205,True,W1
IXI015-HH-1258,W1,VApc,right,487.0,3,0.6212,7.11,,True,W1
IXI015-HH-1258,W1,VLa,left,278.0,1,0.66,12.69,0.9115,False,W1
IXI015-HH-1258,W1,VLa,right,305.0,1,0.6762,10.6,,False,W1
IXI015-HH-1258,W1,VLpd,left,584.0,2,0.702,11.41,0.9669,True,W1
IXI015-HH-1258,W1,VLpd,right,604.0,2,0.6805,9.08,,True,W1
IXI015-HH-1258,W1,VLpv,left,672.0,1,0.5929,11.82,1.0616,False,W1
IXI015-HH-1258,W1,VLpv,right,633.0,3,0.6002,9.67,,True,W1
IXI015-HH-1258,W1,VM,left,149.0,1,0.6474,9.62,1.0136,False,W1
IXI015-HH-1258,W1,VM,right,147.0,1,0.6489,6.86,,False,W1
IXI015-HH-1258,W1,VPI,left,59.0,1,0.7651,16.39,1.0926,False,W1
IXI015-HH-1258,W1,VPI,right,54.0,1,0.7289,12.98,,False,W1
IXI015-HH-1258,W1,VPLa,left,107.0,1,0.673,16.0,1.1758,False,W1
IXI015-HH-1258,W1,VPLa,right,91.0,1,0.6696,13.73,,False,W1
IXI015-HH-1258,W1,VPLp,left,418.0,2,0.6058,15.39,0.9929,True,W2
IXI015-HH-1258,W1,VPLp,right,421.0,1,0.6149,12.71,,False,W2
IXI015-HH-1258,W1,VPM,left,152.0,2,0.6498,12.21,1.0556,True,W3
IXI015-HH-1258,W1,VPM,right,144.0,2,0.6178,9.09,,True,W3
IXI015-HH-1258,W1,global,left,8258.0,2,0.5728,11.3,1.0555,True,W1
IXI015-HH-1258,W1,global,right,7824.0,6,0.5587,8.59,,True,W1
IXI015-HH-1258,W1,mtt,left,44.0,3,0.614,5.75,0.8302,True,W1
IXI015-HH-1258,W1,mtt,right,53.0,4,0.6006,3.26,,True,W1
IXI015-HH-1258,W1,sPf,left,11.0,2,0.8669,7.45,1.375,True,W1
IXI015-HH-1258,W1,sPf,right,8.0,3,0.9152,4.25,,True,W1
IXI015-HH-1258,W1,thalamus_body,left,283.0,40,0.4328,13.72,1.0443,True,W1
IXI015-HH-1258,W1,thalamus_body,right,271.0,41,0.4657,10.75,,True,W1
IXI015-HH-1258,W2,AD,left,11.0,3,0.8037,2.18,5.5,True,W3
IXI015-HH-1258,W2,AD,right,2.0,2,0.0,0.5,,True,W3
IXI015-HH-1258,W2,AM,left,39.0,1,0.7214,3.26,1.2581,False,W1
IXI015-HH-1258,W2,AM,right,31.0,1,0.7206,0.84,,False,W1
IXI015-HH-1258,W2,AV,left,229.0,1,0.6573,4.55,1.1508,False,W1
IXI015-HH-1258,W2,AV,right,199.0,2,0.5829,2.36,,True,W1
IXI015-HH-1258,W2,CL,left,642.0,3,0.3512,6.38,1.0612,True,W2
IXI015-HH-1258,W2,CL,right,605.0,1,0.3647,3.51,,False,W2
IXI015-HH-1258,W2,CM,left,256.0,1,0.7105,8.03,1.0492,False,W1
IXI015-HH-1258,W2,CM,right,244.0,1,0.7222,5.07,,False,W1
IXI015-HH-1258,W2,CeM,left,107.0,1,0.554,3.36,0.8231,False,W1
IXI015-HH-1258,W2,CeM,right,130.0,2,0.5672,0.7,,True,W1
IXI015-HH-1258,W2,Hb,left,33.0,1,0.8267,4.03,1.1379,False,W1
IXI015-HH-1258,W2,Hb,right,29.0,1,0.8038,0.93,,False,W1
IXI015-HH-1258,W2,LD,left,128.0,5,0.5242,7.49,0.9697,True,W1
IXI015-HH-1258,W2,LD,right,132.0,3,0.5885,4.55,,True,W1
IXI015-HH-1258,W2,LGNmc,left,86.0,2,0.4979,24.47,1.1622,True,W1
IXI015-HH-1258,W2,LGNmc,right,74.0,3,0.4797,21.07,,True,W1
IXI015-HH-1258,W2,LGNpc,left,209.0,1,0.6574,24.07,1.2901,False,W1
IXI015-HH-1258,W2,LGNpc,right,162.0,2,0.6528,20.72,,True,W1
IXI015-HH-1258,W2,LP,left,333.0,1,0.6832,14.27,0.6144,False,W2
IXI015-HH-1258,W2,LP,right,542.0,1,0.6537,10.75,,False,W2
IXI015-HH-1258,W2,Li,left,50.0,3,0.6691,7.96,1.1111,True,W1
IXI015-HH-1258,W2,Li,right,45.0,1,0.7223,4.4,,False,W1
IXI015-HH-1258,W2,MAX_VOLUME,left,8579.0,6,0.5451,10.57,1.0489,True,W1
IXI015-HH-1258,W2,MAX_VOLUME,right,8179.0,6,0.5418,7.74,,True,W1
IXI015-HH-1258,W2,MDmc,left,152.0,1,0.5465,2.31,1.1875,False,W2
IXI015-HH-1258,W2,MDmc,right,128.0,1,0.5234,0.13,,False,W2
IXI015-HH-1258,W2,MDpc,left,802.0,1,0.6214,4.59,1.0722,False,W1
IXI015-HH-1258,W2,MDpc,right,748.0,1,0.6235,2.13,,False,W1
IXI015-HH-1258,W2,MGN,left,176.0,1,0.6924,16.44,1.1812,False,W1
IXI015-HH-1258,W2,MGN,right,149.0,1,0.7395,12.73,,False,W1
IXI015-HH-1258,W2,MV,left,7.0,3,0.8903,2.43,1.1667,True,W1
IXI015-HH-1258,W2,MV,right,6.0,2,1.0805,0.0,,True,W1
IXI015-HH-1258,W2,Pf,left,142.0,2,0.5861,5.14,0.966,True,W1
IXI015-HH-1258,W2,Pf,right,147.0,2,0.584,2.18,,True,W1
IXI015-HH-1258,W2,Po,left,54.0,1,0.7377,13.06,1.1739,False,W2
IXI015-HH-1258,W2,Po,right,46.0,2,0.6947,9.67,,True,W2
IXI015-HH-1258,W2,PuA,left,133.0,3,0.6685,11.84,0.9172,True,W1
IXI015-HH-1258,W2,PuA,right,145.0,1,0.7281,8.86,,False,W1
IXI015-HH-1258,W2,PuI,left,56.0,1,0.7286,22.09,0.9825,False,W1
IXI015-HH-1258,W2,PuI,right,57.0,1,0.797,18.26,,False,W1
IXI015-HH-1258,W2,PuL,left,369.0,1,0.7647,21.25,0.9437,False,W2
IXI015-HH-1258,W2,PuL,right,391.0,1,0.7591,17.75,,False,W2
IXI015-HH-1258,W2,PuM,left,1218.0,2,0.6949,13.15,1.0419,True,W1
IXI015-HH-1258,W2,PuM,right,1169.0,2,0.6988,9.54,,True,W1
IXI015-HH-1258,W2,Pv,left,10.0,1,0.9231,2.0,100000000000.0,False,W1
IXI015-HH-1258,W2,Pv,right,0.0,0,0.0,90.0,,False,W1
IXI015-HH-1258,W2,RN,left,489.0,3,0.7979,6.62,1.063,True,W1
IXI015-HH-1258,W2,RN,right,460.0,1,0.7658,3.76,,False,W1
IXI015-HH-1258,W2,SG,left,37.0,1,0.8066,12.68,1.2333,False,W1
IXI015-HH-1258,W2,SG,right,30.0,1,0.8465,9.03,,False,W1
IXI015-HH-1258,W2,STh,left,289.0,1,0.6884,11.07,1.0625,False,W1
IXI015-HH-1258,W2,STh,right,272.0,1,0.6896,8.32,,False,W1
IXI015-HH-1258,W2,VAmc,left,74.0,1,0.5604,5.43,1.0882,False,W1
IXI015-HH-1258,W2,VAmc,right,68.0,2,0.5617,2.84,,True,W1
IXI015-HH-1258,W2,VApc,left,464.0,2,0.5917,7.98,0.9587,True,W1
IXI015-HH-1258,W2,VApc,right,484.0,4,0.6086,5.67,,True,W1
IXI015-HH-1258,W2,VLa,left,367.0,1,0.6826,11.08,1.028,False,W1
IXI015-HH-1258,W2,VLa,right,357.0,1,0.6885,8.61,,False,W1
IXI015-HH-1258,W2,VLpd,left,628.0,2,0.6593,10.14,0.9662,True,W1
IXI015-HH-1258,W2,VLpd,right,650.0,2,0.6699,7.86,,True,W1
IXI015-HH-1258,W2,VLpv,left,839.0,2,0.6119,10.54,1.1262,True,W1
IXI015-HH-1258,W2,VLpv,right,745.0,1,0.5961,8.05,,False,W1
IXI015-HH-1258,W2,VM,left,187.0,1,0.6247,8.03,1.0565,False,W1
IXI015-HH-1258,W2,VM,right,177.0,1,0.6412,5.15,,False,W1
IXI015-HH-1258,W2,VPI,left,69.0,1,0.7834,15.17,1.0299,False,W1
IXI015-HH-1258,W2,VPI,right,67.0,2,0.7403,11.91,,True,W1
IXI015-HH-1258,W2,VPLa,left,119.0,1,0.6495,14.91,1.1442,False,W1
IXI015-HH-1258,W2,VPLa,right,104.0,2,0.6591,12.68,,True,W1
IXI015-HH-1258,W2,VPLp,left,525.0,1,0.6125,14.04,1.0714,False,W2
IXI015-HH-1258,W2,VPLp,right,490.0,1,0.6186,11.44,,False,W2
IXI015-HH-1258,W2,VPM,left,201.0,1,0.6424,10.74,1.1167,False,W3
IXI015-HH-1258,W2,VPM,right,180.0,3,0.6527,7.89,,True,W3
IXI015-HH-1258,W2,global,left,8579.0,6,0.5451,10.57,1.0493,True,W1
IXI015-HH-1258,W2,global,right,8176.0,6,0.5419,7.73,,True,W1
IXI015-HH-1258,W2,mtt,left,49.0,4,0.5723,4.53,0.7538,True,W1
IXI015-HH-1258,W2,mtt,right,65.0,5,0.5282,2.05,,True,W1
IXI015-HH-1258,W2,sPf,left,14.0,2,0.8236,5.36,0.7368,True,W1
IXI015-HH-1258,W2,sPf,right,19.0,3,0.7179,2.79,,True,W1
IXI015-HH-1258,W2,thalamus_body,left,287.0,43,0.4398,12.84,1.2161,True,W1
IXI015-HH-1258,W2,thalamus_body,right,236.0,35,0.4678,10.02,,True,W1
IXI015-HH-1258,W3,AD,left,9.0,1,0.9222,2.22,1.5,False,W3
IXI015-HH-1258,W3,AD,right,6.0,1,1.0751,1.0,,False,W3
IXI015-HH-1258,W3,AM,left,36.0,1,0.7532,3.61,1.0286,False,W1
IXI015-HH-1258,W3,AM,right,35.0,1,0.7362,1.63,,False,W1
IXI015-HH-1258,W3,AV,left,253.0,1,0.6868,5.04,1.2163,False,W1
IXI015-HH-1258,W3,AV,right,208.0,3,0.666,2.96,,True,W1
IXI015-HH-1258,W3,CL,left,739.0,3,0.3678,7.27,1.1046,True,W2
IXI015-HH-1258,W3,CL,right,669.0,2,0.3929,4.84,,True,W2
IXI015-HH-1258,W3,CM,left,244.0,2,0.7245,9.45,1.0383,True,W1
IXI015-HH-1258,W3,CM,right,235.0,1,0.7989,6.71,,False,W1
IXI015-HH-1258,W3,CeM,left,137.0,1,0.5995,3.91,1.0148,False,W1
IXI015-HH-1258,W3,CeM,right,135.0,3,0.5897,1.79,,True,W1
IXI015-HH-1258,W3,Hb,left,33.0,1,0.7637,4.3,0.9167,False,W1
IXI015-HH-1258,W3,Hb,right,36.0,1,0.847,1.72,,False,W1
IXI015-HH-1258,W3,LD,left,131.0,3,0.561,8.19,0.8912,True,W1
IXI015-HH-1258,W3,LD,right,147.0,2,0.5743,5.03,,True,W1
IXI015-HH-1258,W3,LGNmc,left,68.0,2,0.56,24.79,0.9067,True,W1
IXI015-HH-1258,W3,LGNmc,right,75.0,1,0.4926,21.71,,False,W1
IXI015-HH-1258,W3,LGNpc,left,159.0,1,0.7095,24.52,1.0325,False,W1
IXI015-HH-1258,W3,LGNpc,right,154.0,1,0.6953,21.29,,False,W1
IXI015-HH-1258,W3,LP,left,363.0,1,0.6875,15.01,0.6368,False,W2
IXI015-HH-1258,W3,LP,right,570.0,3,0.6511,11.61,,True,W2
IXI015-HH-1258,W3,Li,left,67.0,2,0.6758,9.0,1.1356,True,W1
IXI015-HH-1258,W3,Li,right,59.0,1,0.7205,5.69,,False,W1
IXI015-HH-1258,W3,MAX_VOLUME,left,8269.0,2,0.5755,11.28,1.043,True,W1
IXI015-HH-1258,W3,MAX_VOLUME,right,7928.0,6,0.5644,8.64,,True,W1
IXI015-HH-1258,W3,MDmc,left,182.0,1,0.6725,2.81,1.103,False,W2
IXI015-HH-1258,W3,MDmc,right,165.0,2,0.6507,0.34,,True,W2
IXI015-HH-1258,W3,MDpc,left,908.0,1,0.6525,5.39,1.145,False,W1
IXI015-HH-1258,W3,MDpc,right,793.0,1,0.662,3.15,,False,W1
IXI015-HH-1258,W3,MGN,left,173.0,1,0.7515,17.51,1.1161,False,W1
IXI015-HH-1258,W3,MGN,right,155.0,1,0.7616,13.94,,False,W1
IXI015-HH-1258,W3,MV,left,14.0,3,0.7206,2.93,2.8,True,W1
IXI015-HH-1258,W3,MV,right,5.0,3,1.1236,1.0,,True,W1
IXI015-HH-1258,W3,Pf,left,158.0,1,0.6676,6.08,1.1367,False,W1
IXI015-HH-1258,W3,Pf,right,139.0,1,0.63,3.24,,False,W1
IXI015-HH-1258,W3,Po,left,45.0,2,0.7665,14.36,0.8182,True,W2
IXI015-HH-1258,W3,Po,right,55.0,1,0.7238,10.93,,False,W2
IXI015-HH-1258,W3,PuA,left,150.0,2,0.7145,13.28,1.2397,True,W1
IXI015-HH-1258,W3,PuA,right,121.0,1,0.7156,10.36,,False,W1
IXI015-HH-1258,W3,PuI,left,53.0,2,0.7541,23.0,0.9636,True,W1
IXI015-HH-1258,W3,PuI,right,55.0,1,0.826,19.16,,False,W1
IXI015-HH-1258,W3,PuL,left,298.0,2,0.73,22.02,1.0102,True,W2
IXI015-HH-1258,W3,PuL,right,295.0,2,0.7223,18.48,,True,W2
IXI015-HH-1258,W3,PuM,left,1416.0,1,0.6852,13.94,1.122,False,W1
IXI015-HH-1258,W3,PuM,right,1262.0,4,0.6875,10.39,,True,W1
IXI015-HH-1258,W3,Pv,left,7.0,1,1.0008,2.0,0.7778,False,W1
IXI015-HH-1258,W3,Pv,right,9.0,1,0.904,0.0,,False,W1
IXI015-HH-1258,W3,RN,left,330.0,1,0.8206,7.41,0.9348,False,W1
IXI015-HH-1258,W3,RN,right,353.0,1,0.8414,4.39,,False,W1
IXI015-HH-1258,W3,SG,left,54.0,1,0.7879,14.02,1.2558,False,W1
IXI015-HH-1258,W3,SG,right,43.0,1,0.7812,10.37,,False,W1
IXI015-HH-1258,W3,STh,left,204.0,1,0.6911,12.19,0.9668,False,W1
IXI015-HH-1258,W3,STh,right,211.0,2,0.6849,9.58,,True,W1
IXI015-HH-1258,W3,VAmc,left,57.0,2,0.5857,6.53,1.0179,True,W1
IXI015-HH-1258,W3,VAmc,right,56.0,1,0.5634,4.2,,False,W1
IXI015-HH-1258,W3,VApc,left,480.0,2,0.6428,9.18,0.9917,True,W1
IXI015-HH-1258,W3,VApc,right,484.0,3,0.6363,7.2,,True,W1
IXI015-HH-1258,W3,VLa,left,276.0,2,0.651,12.65,0.8903,True,W1
IXI015-HH-1258,W3,VLa,right,310.0,1,0.694,10.6,,False,W1
IXI015-HH-1258,W3,VLpd,left,600.0,2,0.6714,11.37,0.9852,True,W1
IXI015-HH-1258,W3,VLpd,right,609.0,4,0.6844,9.08,,True,W1
IXI015-HH-1258,W3,VLpv,left,676.0,1,0.5998,11.82,1.053,False,W1
IXI015-HH-1258,W3,VLpv,right,642.0,2,0.5985,9.67,,True,W1
IXI015-HH-1258,W3,VM,left,146.0,2,0.659,9.47,1.0,True,W1
IXI015-HH-1258,W3,VM,right,146.0,1,0.6646,6.73,,False,W1
IXI015-HH-1258,W3,VPI,left,58.0,1,0.75,16.19,1.0741,False,W1
IXI015-HH-1258,W3,VPI,right,54.0,1,0.7531,13.06,,False,W1
IXI015-HH-1258,W3,VPLa,left,105.0,1,0.6917,16.02,1.1538,False,W1
IXI015-HH-1258,W3,VPLa,right,91.0,1,0.6475,13.64,,False,W1
IXI015-HH-1258,W3,VPLp,left,420.0,2,0.5925,15.32,0.9567,True,W2
IXI015-HH-1258,W3,VPLp,right,439.0,1,0.6055,12.63,,False,W2
IXI015-HH-1258,W3,VPM,left,154.0,1,0.6517,12.12,1.1,False,W3
IXI015-HH-1258,W3,VPM,right,140.0,1,0.6177,9.04,,False,W3
IXI015-HH-1258,W3,global,left,8269.0,2,0.5755,11.28,1.0434,True,W1
IXI015-HH-1258,W3,global,right,7925.0,6,0.5647,8.64,,True,W1
IXI015-HH-1258,W3,mtt,left,41.0,6,0.6425,5.76,0.82,True,W1
IXI015-HH-1258,W3,mtt,right,50.0,3,0.6155,3.24,,True,W1
IXI015-HH-1258,W3,sPf,left,12.0,2,0.8359,7.33,1.3333,True,W1
IXI015-HH-1258,W3,sPf,right,9.0,2,0.9161,4.33,,True,W1
IXI015-HH-1258,W3,thalamus_body,left,269.0,35,0.4709,14.04,1.0113,True,W1
IXI015-HH-1258,W3,thalamus_body,right,266.0,34,0.4668,10.8,,True,W1
IXI016-Guys-0697,W1,AD,left,3.0,3,0.0,1.0,0.6,True,W2
IXI016-Guys-0697,W1,AD,right,5.0,2,1.0287,6.0,,True,W2
IXI016-Guys-0697,W1,AM,left,51.0,1,0.8542,2.1,1.1333,False,W1
IXI016-Guys-0697,W1,AM,right,45.0,1,0.7528,6.31,,False,W1
IXI016-Guys-0697,W1,AV,left,278.0,1,0.7191,3.15,1.1165,False,W3
IXI016-Guys-0697,W1,AV,right,249.0,2,0.7127,8.07,,True,W3
IXI016-Guys-0697,W1,CL,left,585.0,2,0.4016,5.7,1.0522,True,W1
IXI016-Guys-0697,W1,CL,right,556.0,1,0.3948,11.26,,False,W1
IXI016-Guys-0697,W1,CM,left,237.0,1,0.7841,8.06,1.0533,False,W1
IXI016-Guys-0697,W1,CM,right,225.0,1,0.8049,13.58,,False,W1
IXI016-Guys-0697,W1,CeM,left,117.0,1,0.6161,2.84,0.8417,False,W2
IXI016-Guys-0697,W1,CeM,right,139.0,3,0.6265,7.19,,True,W2
IXI016-Guys-0697,W1,Hb,left,39.0,1,0.7514,1.9,0.9512,False,W1
IXI016-Guys-0697,W1,Hb,right,41.0,1,0.7772,7.51,,False,W1
IXI016-Guys-0697,W1,LD,left,175.0,3,0.5728,5.47,1.2238,True,W1
IXI016-Guys-0697,W1,LD,right,143.0,2,0.5823,12.15,,True,W1
IXI016-Guys-0697,W1,LGNmc,left,65.0,3,0.5277,24.8,0.942,True,W1
IXI016-Guys-0697,W1,LGNmc,right,69.0,1,0.5269,30.38,,False,W1
IXI016-Guys-0697,W1,LGNpc,left,145.0,2,0.7433,24.55,0.9797,True,W2
IXI016-Guys-0697,W1,LGNpc,right,148.0,2,0.6885,30.34,,True,W2
IXI016-Guys-0697,W1,LP,left,385.0,1,0.6669,15.21,0.626,False,W1
IXI016-Guys-0697,W1,LP,right,615.0,1,0.6782,20.05,,False,W1
IXI016-Guys-0697,W1,Li,left,55.0,1,0.6771,7.49,0.9322,False,W1
IXI016-Guys-0697,W1,Li,right,59.0,1,0.6945,13.25,,False,W1
IXI016-Guys-0697,W1,MAX_VOLUME,left,7972.0,4,0.5636,10.97,1.0145,True,W1
IXI016-Guys-0697,W1,MAX_VOLUME,right,7858.0,5,0.5674,16.22,,True,W1
IXI016-Guys-0697,W1,MDmc,left,134.0,1,0.7637,0.29,0.9571,False,W1
IXI016-Guys-0697,W1,MDmc,right,140.0,1,0.7464,5.44,,False,W1
IXI016-Guys-0697,W1,MDpc,left,634.0,1,0.7004,3.87,1.016,False,W1
IXI016-Guys-0697,W1,MDpc,right,624.0,1,0.6817,9.33,,False,W1
IXI016-Guys-0697,W1,MGN,left,194.0,1,0.7906,16.75,1.0486,False,W1
IXI016-Guys-0697,W1,MGN,right,185.0,1,0.7823,22.64,,False,W1
IXI016-Guys-0697,W1,MV,left,19.0,1,0.8426,1.47,1.7273,False,W1
IXI016-Guys-0697,W1,MV,right,11.0,2,0.8286,6.27,,True,W1
IXI016-Guys-0697,W1,Pf,left,130.0,2,0.6535,4.58,0.8125,True,W1
IXI016-Guys-0697,W1,Pf,right,160.0,1,0.7163,9.71,,False,W1
IXI016-Guys-0697,W1,Po,left,51.0,1,0.6963,13.59,1.0408,False,W1
IXI016-Guys-0697,W1,Po,right,49.0,1,0.7585,19.16,,False,W1
IXI016-Guys-0697,W1,PuA,left,127.0,1,0.7258,12.47,0.9137,False,W2
IXI016-Guys-0697,W1,PuA,right,139.0,2,0.6913,18.35,,True,W2
IXI016-Guys-0697,W1,PuI,left,43.0,1,0.7572,23.07,1.2647,False,W1
IXI016-Guys-0697,W1,PuI,right,34.0,2,0.7542,28.85,,True,W1
IXI016-Guys-0697,W1,PuL,left,326.0,1,0.7278,22.8,1.055,False,W1
IXI016-Guys-0697,W1,PuL,right,309.0,1,0.7473,28.28,,False,W1
IXI016-Guys-0697,W1,PuM,left,1213.0,1,0.6801,13.44,0.965,False,W1
IXI016-Guys-0697,W1,PuM,right,1257.0,2,0.6641,19.15,,True,W1
IXI016-Guys-0697,W1,Pv,left,5.0,2,1.2028,0.4,1.25,True,W1
IXI016-Guys-0697,W1,Pv,right,4.0,1,1.204,4.0,,False,W1
IXI016-Guys-0697,W1,RN,left,297.0,1,0.8583,5.06,0.8584,False,W1
IXI016-Guys-0697,W1,RN,right,346.0,1,0.8643,10.1,,False,W1
IXI016-Guys-0697,W1,SG,left,49.0,1,0.8221,12.84,0.98,False,W1
IXI016-Guys-0697,W1,SG,right,50.0,1,0.8144,18.72,,False,W1
IXI016-Guys-0697,W1,STh,left,235.0,1,0.7269,11.43,1.2051,False,W2
IXI016-Guys-0697,W1,STh,right,195.0,2,0.7278,16.34,,True,W2
IXI016-Guys-0697,W1,VAmc,left,57.0,1,0.6131,6.12,0.9661,False,W2
IXI016-Guys-0697,W1,VAmc,right,59.0,2,0.586,10.46,,True,W2
IXI016-Guys-0697,W1,VApc,left,505.0,2,0.6391,9.32,1.0499,True,W1
IXI016-Guys-0697,W1,VApc,right,481.0,3,0.6386,13.53,,True,W1
IXI016-Guys-0697,W1,VLa,left,284.0,1,0.6822,13.19,0.9595,False,W1
IXI016-Guys-0697,W1,VLa,right,296.0,2,0.6862,17.52,,True,W1
IXI016-Guys-0697,W1,VLpd,left,723.0,2,0.6898,11.58,1.0791,True,W1
IXI016-Guys-0697,W1,VLpd,right,670.0,1,0.7024,16.66,,False,W1
IXI016-Guys-0697,W1,VLpv,left,691.0,2,0.618,12.3,1.0797,True,W2
IXI016-Guys-0697,W1,VLpv,right,640.0,1,0.5983,17.27,,False,W2
IXI016-Guys-0697,W1,VM,left,137.0,1,0.6381,8.86,0.9073,False,W2
IXI016-Guys-0697,W1,VM,right,151.0,2,0.6708,13.66,,True,W2
IXI016-Guys-0697,W1,VPI,left,66.0,1,0.753,15.71,1.0645,False,W1
IXI016-Guys-0697,W1,VPI,right,62.0,1,0.7323,21.5,,False,W1
IXI016-Guys-0697,W1,VPLa,left,134.0,1,0.6875,16.49,1.2642,False,W1
IXI016-Guys-0697,W1,VPLa,right,106.0,1,0.6298,22.09,,False,W1
IXI016-Guys-0697,W1,VPLp,left,496.0,1,0.6141,15.31,1.0206,False,W1
IXI016-Guys-0697,W1,VPLp,right,486.0,1,0.6087,20.82,,False,W1
IXI016-Guys-0697,W1,VPM,left,169.0,1,0.6715,11.33,1.0181,False,W1
IXI016-Guys-0697,W1,VPM,right,166.0,1,0.6476,16.81,,False,W1
IXI016-Guys-0697,W1,global,left,7972.0,4,0.5636,10.97,1.0149,True,W1
IXI016-Guys-0697,W1,global,right,7855.0,5,0.5675,16.21,,True,W1
IXI016-Guys-0697,W1,mtt,left,51.0,3,0.5823,4.73,0.7183,True,W1
IXI016-Guys-0697,W1,mtt,right,71.0,3,0.5995,9.25,,True,W1
IXI016-Guys-0697,W1,sPf,left,13.0,3,0.8276,5.38,1.0,True,W1
IXI016-Guys-0697,W1,sPf,right,13.0,2,0.8455,10.85,,True,W1
IXI016-Guys-0697,W1,thalamus_body,left,311.0,44,0.4609,13.03,1.0951,True,W1
IXI016-Guys-0697,W1,thalamus_body,right,284.0,40,0.4709,19.37,,True,W1
IXI016-Guys-0697,W2,AD,left,10.0,1,0.9851,0.3,3.3333,False,W2
IXI016-Guys-0697,W2,AD,right,3.0,1,0.0,5.0,,False,W2
IXI016-Guys-0697,W2,AM,left,40.0,1,0.7786,2.07,1.2121,False,W1
IXI016-Guys-0697,W2,AM,right,33.0,1,0.8255,6.0,,False,W1
IXI016-Guys-0697,W2,AV,left,256.0,1,0.7086,3.35,1.1429,False,W3
IXI016-Guys-0697,W2,AV,right,224.0,2,0.6847,7.72,,True,W3
IXI016-Guys-0697,W2,CL,left,557.0,4,0.3903,5.56,1.1275,True,W1
IXI016-Guys-0697,W2,CL,right,494.0,2,0.4013,10.7,,True,W1
IXI016-Guys-0697,W2,CM,left,179.0,1,0.7675,7.74,0.9835,False,W1
IXI016-Guys-0697,W2,CM,right,182.0,1,0.7643,12.76,,False,W1
IXI016-Guys-0697,W2,CeM,left,106.0,1,0.6372,2.75,1.0291,False,W2
IXI016-Guys-0697,W2,CeM,right,103.0,1,0.6434,6.67,,False,W2
IXI016-Guys-0697,W2,Hb,left,26.0,1,0.8583,2.08,0.6842,False,W1
IXI016-Guys-0697,W2,Hb,right,38.0,2,0.8479,7.24,,True,W1
IXI016-Guys-0697,W2,LD,left,142.0,3,0.6062,6.54,1.0365,True,W1
IXI016-Guys-0697,W2,LD,right,137.0,2,0.592,11.72,,True,W1
IXI016-Guys-0697,W2,LGNmc,left,61.0,1,0.5715,24.26,1.0517,False,W1
IXI016-Guys-0697,W2,LGNmc,right,58.0,2,0.5152,30.48,,True,W1
IXI016-Guys-0697,W2,LGNpc,left,124.0,1,0.6757,23.94,0.9394,False,W2
IXI016-Guys-0697,W2,LGNpc,right,132.0,1,0.687,30.1,,False,W2
IXI016-Guys-0697,W2,LP,left,391.0,1,0.6782,15.37,0.6358,False,W1
IXI016-Guys-0697,W2,LP,right,615.0,2,0.6868,19.97,,True,W1
IXI016-Guys-0697,W2,Li,left,36.0,1,0.6707,7.22,0.7826,False,W1
IXI016-Guys-0697,W2,Li,right,46.0,1,0.7274,12.74,,False,W1
IXI016-Guys-0697,W2,MAX_VOLUME,left,7544.0,7,0.5467,10.56,1.0025,True,W1
IXI016-Guys-0697,W2,MAX_VOLUME,right,7525.0,3,0.5438,15.76,,True,W1
IXI016-Guys-0697,W2,MDmc,left,146.0,1,0.7585,0.33,1.2807,False,W1
IXI016-Guys-0697,W2,MDmc,right,114.0,1,0.7037,5.23,,False,W1
IXI016-Guys-0697,W2,MDpc,left,602.0,1,0.6879,3.9,1.1128,False,W1
IXI016-Guys-0697,W2,MDpc,right,541.0,1,0.6947,8.49,,False,W1
IXI016-Guys-0697,W2,MGN,left,174.0,1,0.7647,16.29,0.9305,False,W1
IXI016-Guys-0697,W2,MGN,right,187.0,1,0.7628,22.3,,False,W1
IXI016-Guys-0697,W2,MV,left,18.0,1,0.8181,1.94,2.0,False,W1
IXI016-Guys-0697,W2,MV,right,9.0,2,0.8728,6.0,,True,W1
IXI016-Guys-0697,W2,Pf,left,122.0,2,0.6775,4.34,1.1091,True,W1
IXI016-Guys-0697,W2,Pf,right,110.0,1,0.6833,8.91,,False,W1
IXI016-Guys-0697,W2,Po,left,51.0,1,0.8295,12.8,1.0625,False,W1
IXI016-Guys-0697,W2,Po,right,48.0,1,0.7687,18.42,,False,W1
IXI016-Guys-0697,W2,PuA,left,111.0,1,0.709,11.98,0.9652,False,W2
IXI016-Guys-0697,W2,PuA,right,115.0,1,0.7233,17.2,,False,W2
IXI016-Guys-0697,W2,PuI,left,39.0,1,0.7977,22.77,1.0833,False,W1
IXI016-Guys-0697,W2,PuI,right,36.0,2,0.7573,28.69,,True,W1
IXI016-Guys-0697,W2,PuL,left,325.0,2,0.7553,22.35,0.9393,True,W1
IXI016-Guys-0697,W2,PuL,right,346.0,1,0.7409,27.88,,False,W1
IXI016-Guys-0697,W2,PuM,left,1089.0,3,0.6466,13.39,0.9276,True,W1
IXI016-Guys-0697,W2,PuM,right,1174.0,1,0.6721,18.96,,False,W1
IXI016-Guys-0697,W2,Pv,left,10.0,2,1.0092,0.1,2.5,True,W1
IXI016-Guys-0697,W2,Pv,right,4.0,1,1.1927,4.0,,False,W1
IXI016-Guys-0697,W2,RN,left,393.0,1,0.8724,4.44,1.0679,False,W1
IXI016-Guys-0697,W2,RN,right,368.0,1,0.8293,9.37,,False,W1
IXI016-Guys-0697,W2,SG,left,33.0,2,0.8578,12.36,0.75,True,W1
IXI016-Guys-0697,W2,SG,right,44.0,2,0.8804,17.89,,True,W1
IXI016-Guys-0697,W2,STh,left,226.0,1,0.6776,10.58,0.93,False,W2
IXI016-Guys-0697,W2,STh,right,243.0,1,0.7393,15.04,,False,W2
IXI016-Guys-0697,W2,VAmc,left,64.0,1,0.6461,5.45,0.9697,False,W2
IXI016-Guys-0697,W2,VAmc,right,66.0,1,0.6429,9.11,,False,W2
IXI016-Guys-0697,W2,VApc,left,523.0,3,0.6245,8.97,1.0439,True,W1
IXI016-Guys-0697,W2,VApc,right,501.0,3,0.6381,12.51,,True,W1
IXI016-Guys-0697,W2,VLa,left,302.0,1,0.6974,12.34,0.9837,False,W1
IXI016-Guys-0697,W2,VLa,right,307.0,3,0.6474,16.16,,True,W1
IXI016-Guys-0697,W2,VLpd,left,697.0,2,0.6922,11.6,1.0372,True,W1
IXI016-Guys-0697,W2,VLpd,right,672.0,1,0.7064,16.15,,False,W1
IXI016-Guys-0697,W2,VLpv,left,606.0,1,0.596,11.51,0.979,False,W2
IXI016-Guys-0697,W2,VLpv,right,619.0,1,0.5999,15.79,,False,W2
IXI016-Guys-0697,W2,VM,left,129.0,1,0.645,8.14,0.9847,False,W2
IXI016-Guys-0697,W2,VM,right,131.0,1,0.687,12.17,,False,W2
IXI016-Guys-0697,W2,VPI,left,51.0,1,0.8086,15.0,0.7969,False,W1
IXI016-Guys-0697,W2,VPI,right,64.0,1,0.7813,20.3,,False,W1
IXI016-Guys-0697,W2,VPLa,left,100.0,1,0.6376,16.29,1.0204,False,W1
IXI016-Guys-0697,W2,VPLa,right,98.0,1,0.6328,21.01,,False,W1
IXI016-Guys-0697,W2,VPLp,left,428.0,1,0.5934,15.01,0.9244,False,W1
IXI016-Guys-0697,W2,VPLp,right,463.0,1,0.5978,20.21,,False,W1
IXI016-Guys-0697,W2,VPM,left,144.0,1,0.6539,10.53,0.9412,False,W1
IXI016-Guys-0697,W2,VPM,right,153.0,2,0.6379,15.43,,True,W1
IXI016-Guys-0697,W2,global,left,7544.0,7,0.5467,10.56,1.0029,True,W1
IXI016-Guys-0697,W2,global,right,7522.0,3,0.544,15.76,,True,W1
IXI016-Guys-0697,W2,mtt,left,42.0,5,0.551,4.05,1.0244,True,W1
IXI016-Guys-0697,W2,mtt,right,41.0,4,0.5704,8.02,,True,W1
IXI016-Guys-0697,W2,sPf,left,11.0,3,0.8528,4.91,1.5714,True,W1
IXI016-Guys-0697,W2,sPf,right,7.0,2,1.0894,10.14,,True,W1
IXI016-Guys-0697,W2,thalamus_body,left,284.0,41,0.4537,12.46,0.9793,True,W1
IXI016-Guys-0697,W2,thalamus_body,right,290.0,36,0.4626,18.88,,True,W1
IXI016-Guys-0697,W3,AD,left,2.0,2,0.0,0.5,0.3333,True,W2
IXI016-Guys-0697,W3,AD,right,6.0,1,1.0258,6.0,,False,W2
IXI016-Guys-0697,W3,AM,left,51.0,1,0.8542,2.1,1.1087,False,W1
IXI016-Guys-0697,W3,AM,right,46.0,1,0.7561,6.35,,False,W1
IXI016-Guys-0697,W3,AV,left,279.0,1,0.7394,3.14,1.1071,False,W3
IXI016-Guys-0697,W3,AV,right,252.0,1,0.7297,8.05,,False,W3
IXI016-Guys-0697,W3,CL,left,586.0,3,0.4002,5.7,1.0464,True,W1
IXI016-Guys-0697,W3,CL,right,560.0,1,0.3959,11.23,,False,W1
IXI016-Guys-0697,W3,CM,left,234.0,1,0.7912,8.1,1.04,False,W1
IXI016-Guys-0697,W3,CM,right,225.0,1,0.8097,13.57,,False,W1
IXI016-Guys-0697,W3,CeM,left,118.0,1,0.6184,2.86,0.8369,False,W2
IXI016-Guys-0697,W3,CeM,right,141.0,2,0.6245,7.18,,True,W2
IXI016-Guys-0697,W3,Hb,left,39.0,1,0.7514,1.9,1.0,False,W1
IXI016-Guys-0697,W3,Hb,right,39.0,1,0.8017,7.44,,False,W1
IXI016-Guys-0697,W3,LD,left,167.0,4,0.5536,5.57,1.1761,True,W1
IXI016-Guys-0697,W3,LD,right,142.0,2,0.5818,12.2,,True,W1
IXI016-Guys-0697,W3,LGNmc,left,67.0,3,0.5432,24.78,0.9853,True,W1
IXI016-Guys-0697,W3,LGNmc,right,68.0,1,0.5278,30.43,,False,W1
IXI016-Guys-0697,W3,LGNpc,left,147.0,1,0.7402,24.59,1.0068,False,W2
IXI016-Guys-0697,W3,LGNpc,right,146.0,3,0.698,30.29,,True,W2
IXI016-Guys-0697,W3,LP,left,386.0,1,0.6646,15.16,0.6328,False,W1
IXI016-Guys-0697,W3,LP,right,610.0,1,0.6766,20.01,,False,W1
IXI016-Guys-0697,W3,Li,left,51.0,1,0.6899,7.63,0.9273,False,W1
IXI016-Guys-0697,W3,Li,right,55.0,1,0.694,13.33,,False,W1
IXI016-Guys-0697,W3,MAX_VOLUME,left,7978.0,4,0.5658,11.0,1.0141,True,W1
IXI016-Guys-0697,W3,MAX_VOLUME,right,7867.0,3,0.5717,16.2,,True,W1
IXI016-Guys-0697,W3,MDmc,left,133.0,1,0.7644,0.29,0.95,False,W1
IXI016-Guys-0697,W3,MDmc,right,140.0,2,0.7489,5.43,,True,W1
IXI016-Guys-0697,W3,MDpc,left,630.0,1,0.6907,3.86,1.0112,False,W1
IXI016-Guys-0697,W3,MDpc,right,623.0,1,0.6845,9.3,,False,W1
IXI016-Guys-0697,W3,MGN,left,190.0,1,0.7666,16.74,1.0383,False,W1
IXI016-Guys-0697,W3,MGN,right,183.0,1,0.7911,22.67,,False,W1
IXI016-Guys-0697,W3,MV,left,18.0,1,0.8419,1.44,1.6364,False,W1
IXI016-Guys-0697,W3,MV,right,11.0,2,0.8286,6.27,,True,W1
IXI016-Guys-0697,W3,Pf,left,129.0,2,0.6456,4.58,0.8113,True,W1
IXI016-Guys-0697,W3,Pf,right,159.0,1,0.7164,9.73,,False,W1
IXI016-Guys-0697,W3,Po,left,50.0,1,0.6803,13.64,1.0,False,W1
IXI016-Guys-0697,W3,Po,right,50.0,2,0.7556,19.1,,True,W1
IXI016-Guys-0697,W3,PuA,left,126.0,1,0.7085,12.49,0.9197,False,W2
IXI016-Guys-0697,W3,PuA,right,137.0,1,0.6808,18.34,,False,W2
IXI016-Guys-0697,W3,PuI,left,45.0,1,0.7511,23.11,1.4062,False,W1
IXI016-Guys-0697,W3,PuI,right,32.0,3,0.7482,28.81,,True,W1
IXI016-Guys-0697,W3,PuL,left,329.0,1,0.7364,22.81,1.0647,False,W1
IXI016-Guys-0697,W3,PuL,right,309.0,1,0.7471,28.29,,False,W1
IXI016-Guys-0697,W3,PuM,left,1224.0,1,0.6784,13.45,0.9707,False,W1
IXI016-Guys-0697,W3,PuM,right,1261.0,2,0.6787,19.13,,True,W1
IXI016-Guys-0697,W3,Pv,left,5.0,2,1.2028,0.4,1.0,True,W1
IXI016-Guys-0697,W3,Pv,right,5.0,1,1.1666,4.0,,False,W1
IXI016-Guys-0697,W3,RN,left,297.0,1,0.8583,5.06,0.8559,False,W1
IXI016-Guys-0697,W3,RN,right,347.0,1,0.8597,10.1,,False,W1
IXI016-Guys-0697,W3,SG,left,49.0,1,0.8212,12.94,0.98,False,W1
IXI016-Guys-0697,W3,SG,right,50.0,1,0.8144,18.72,,False,W1
IXI016-Guys-0697,W3,STh,left,238.0,1,0.7358,11.46,1.2268,False,W2
IXI016-Guys-0697,W3,STh,right,194.0,1,0.7344,16.38,,False,W2
IXI016-Guys-0697,W3,VAmc,left,57.0,1,0.5985,6.09,0.9661,False,W2
IXI016-Guys-0697,W3,VAmc,right,59.0,2,0.5838,10.41,,True,W2
IXI016-Guys-0697,W3,VApc,left,510.0,2,0.6439,9.33,1.0559,True,W1
IXI016-Guys-0697,W3,VApc,right,483.0,2,0.6424,13.53,,True,W1
IXI016-Guys-0697,W3,VLa,left,283.0,2,0.6859,13.19,0.9529,True,W1
IXI016-Guys-0697,W3,VLa,right,297.0,2,0.6758,17.53,,True,W1
IXI016-Guys-0697,W3,VLpd,left,723.0,2,0.6952,11.58,1.0711,True,W1
IXI016-Guys-0697,W3,VLpd,right,675.0,1,0.7005,16.65,,False,W1
IXI016-Guys-0697,W3,VLpv,left,681.0,1,0.6196,12.28,1.0641,False,W2
IXI016-Guys-0697,W3,VLpv,right,640.0,1,0.6066,17.26,,False,W2
IXI016-Guys-0697,W3,VM,left,140.0,1,0.6386,8.99,0.9333,False,W2
IXI016-Guys-0697,W3,VM,right,150.0,1,0.6685,13.66,,False,W2
IXI016-Guys-0697,W3,VPI,left,70.0,1,0.7565,15.69,1.129,False,W1
IXI016-Guys-0697,W3,VPI,right,62.0,1,0.7363,21.48,,False,W1
IXI016-Guys-0697,W3,VPLa,left,130.0,1,0.6788,16.48,1.2381,False,W1
IXI016-Guys-0697,W3,VPLa,right,105.0,1,0.6258,22.11,,False,W1
IXI016-Guys-0697,W3,VPLp,left,509.0,1,0.6232,15.3,1.0517,False,W1
IXI016-Guys-0697,W3,VPLp,right,484.0,1,0.6099,20.85,,False,W1
IXI016-Guys-0697,W3,VPM,left,166.0,1,0.6709,11.31,0.994,False,W1
IXI016-Guys-0697,W3,VPM,right,167.0,1,0.6578,16.77,,False,W1
IXI016-Guys-0697,W3,global,left,7978.0,4,0.5658,11.0,1.0145,True,W1
IXI016-Guys-0697,W3,global,right,7864.0,3,0.5718,16.2,,True,W1
IXI016-Guys-0697,W3,mtt,left,51.0,3,0.584,4.71,0.7183,True,W1
IXI016-Guys-0697,W3,mtt,right,71.0,3,0.5995,9.25,,True,W1
IXI016-Guys-0697,W3,sPf,left,13.0,3,0.8276,5.38,1.0,True,W1
IXI016-Guys-0697,W3,sPf,right,13.0,2,0.8455,10.85,,True,W1
IXI016-Guys-0697,W3,thalamus_body,left,304.0,44,0.4525,13.04,1.0742,True,W1
IXI016-Guys-0697,W3,thalamus_body,right,283.0,39,0.4731,19.36,,True,W1
